species,person,range,notes
Larus genei,John,26000000,
Thalasseus sandvicensis,John,87000000,
Larus fuscus,John,19800000,
Haliaeetus albicilla,John,43200000,
Morus bassanus,John,41700000,
Falco peregrinus,John,387000000,
Meleagris gallopavo,John,11400000,
Euphagus carolinus,John,11700000,
Carpodacus mexicanus,John,NA,
Anas acuta,John,69100000,
Larus philadelphia,John,6350000,
Bonasa bonasia,John,30700000,
Circus aeruginosus,John,29100000,
Oxyura leucocephala,John,17600000,
Anser anser,John,31700000,
Larus melanocephalus,John,7980000,
Bubulcus ibis,John,355000000,
Platalea leucorodia,John,56200000,
Phoenicopterus roseus,John,58100000,
Ardea alba,John,346000000,
Plegadis falcinellus,John,180000000,
Grus grus,John,25600000,
Phalacrocorax carbo,John,323000000,
Accipiter nisus,John,54400000,
Dryobates minor,John,39300000,
Perdix perdix,John,16900000,
Cygnus olor,John,22500000,
Podiceps auritus,John,26000000,
Baeolophus bicolor,John,4200000,
Asio flammeus,John,268000000,
Zenaida macroura,John,23700000,
Pica pica,John,58600000,
Parus hudsonicus,John,NA,
Cardinalis cardinalis,John,10700000,
Tringa melanoleuca,John,9080000,
Haliaeetus leucocephalus,John,28400000,
Sitta carolinensis,John,14900000,
Dendroica pinus,John,NA,
Lophodytes cucullatus,John,10200000,
Mergus merganser,John,77900000,
Strix nebulosa,John,44700000,
Cathartes aura,John,8150000,
Carpodacus purpureus,John,NA,
Ammodramus henslowii,John,NA,
Antigone canadensis,John,33500000,
Lanius ludovicianus,John,13500000,
Anas platyrhynchos,John,127000000,
Ixobrychus exilis,John,41300000,
Sialia mexicana,John,4700000,
Cyanocitta cristata,John,12000000,
Phalacrocorax auritus,John,28100000,
Spizella arborea,John,NA,
Branta canadensis,John,24200000,
Ammodramus savannarum,John,18200000,
Empidonax flaviventris,John,7140000,
Passerella iliaca,John,10300000,
Stelgidopteryx serripennis,John,17100000,
Vermivora cyanoptera,John,2280000,
Mareca strepera,John,73100000,
Mergus serrator,John,64900000,
Melanerpes carolinus,John,4440000,
Spatula clypeata,John,89900000,
Vireo philadelphicus,John,4530000,
Falcipennis canadensis,John,11000000,
Strix varia,John,16300000,
Accipiter gentilis,John,115000000,
Spizella pallida,John,5370000,
Wilsonia canadensis,John,NA,
Myiarchus crinitus,John,13200000,
Thryothorus ludovicianus,John,6560000,
Spizella pusilla,John,5630000,
Hydroprogne caspia,John,226000000,
Himantopus himantopus,John,302000000,
Coturnicops noveboracensis,John,6000000,
Pelecanus erythrorhynchos,John,28900000,
Rallus limicola,John,28900000,
Vermivora celata,John,NA,
Buteo lineatus,John,9590000,
Accipiter striatus,John,68400000,
Picoides tridactylus,John,67000000,
Falco mexicanus,John,4870000,
Cepphus grylle,John,44100000,
Tringa semipalmata,John,16300000,
Zonotrichia leucophrys,John,19000000,
Aegolius acadicus,John,18700000,
Loxia curvirostra,John,129000000,
Icteria virens,John,10500000,
Glaucidium californicum,John,3910000,
Histrionicus histrionicus,John,36200000,
Gavia pacifica,John,15700000,
Butorides striata,John,303000000,
Falco columbarius,John,103000000,
Empidonax traillii,John,9860000,
Pipilo erythrophthalmus,John,5860000,
Porzana carolina,John,13200000,
Cistothorus palustris,John,13100000,
Melospiza melodia,John,26700000,
Polioptila caerulea,John,13400000,
Dendragapus obscurus,John,3390000,
Mimus polyglottos,John,19200000,
Certhia americana,John,24600000,
Aquila chrysaetos,John,140000000,
Pandion haliaetus,John,228000000,
Molothrus ater,John,16300000,
Vireo flavifrons,John,5300000,
Accipiter cooperii,John,11800000,
Fulica americana,John,25500000,
Sayornis saya,John,13100000,
Ammodramus leconteii,John,NA,
Sayornis phoebe,John,10300000,
Sialia sialis,John,14100000,
Bubo virginianus,John,81800000,
Charadrius vociferus,John,43400000,
Buteo regalis,John,3320000,
Buteo platypterus,John,14000000,
Gavia stellata,John,60300000,
Larus smithsonianus,John,51400000,
Cinclus mexicanus,John,17000000,
Anas crecca,John,81700000,
Hylatomus pileatus,John,13400000,
Podilymbus podiceps,John,84000000,
Phasianus colchicus,John,20900000,
Picoides arcticus,John,15200000,
Icterus spurius,John,7410000,
Buteo jamaicensis,John,30900000,
Dendroica cerulea,John,NA,
Icterus galbula,John,13800000,
Toxostoma rufum,John,7260000,
Dendroica palmarum,John,NA,
Sturnella magna,John,24400000,
Antrostomus vociferus,John,5180000,
Vermivora ruficapilla,John,NA,
Piranga olivacea,John,4820000,
Elanoides forficatus,John,39400000,
Nycticorax nycticorax,John,248000000,
Chondestes grammacus,John,8390000,
Aix sponsa,John,15500000,
Bucephala albeola,John,11000000,
Progne subis,John,13700000,
Spatula discors,John,16800000,
Ammodramus nelsoni,John,NA,
Toxostoma longirostre,John,402000,
Vireo gilvus,John,16700000,
Buteo swainsoni,John,6760000,
Zoothera naevia,John,NA,
Larus delawarensis,John,8890000,
Spizella breweri,John,4810000,
Circus hudsonius,John,19000000,
Tringa solitaria,John,9810000,
Tyrannus couchii,John,1410000,
Spatula cyanoptera,John,34000000,
Loxia leucoptera,John,47700000,
Archilochus colubris,John,9860000,
Bucephala clangula,John,46900000,
Pooecetes gramineus,John,10300000,
Parula americana,John,NA,
Vermivora chrysoptera,John,2080000,
Chordeiles minor,John,23300000,
Athene cunicularia,John,43000000,
Podiceps grisegena,John,50300000,
Mareca americana,John,17400000,
Chlidonias niger,John,41400000,
Catharus bicknelli,John,790000,
Sterna forsteri,John,8980000,
Scolopax minor,John,6410000,
Passerina cyanea,John,9360000,
Megaceryle alcyon,John,25400000,
Recurvirostra americana,John,8970000,
Tringa flavipes,John,6070000,
Coccyzus erythropthalmus,John,7140000,
Coccothraustes vespertinus,John,NA,
Vireo solitarius,John,6640000,
Eremophila alpestris,John,140000000,
Coccyzus americanus,John,35000000,
Calcarius pictus,John,3560000,
Mareca penelope,John,34900000,
Vireo huttoni,John,4080000,
Dumetella carolinensis,John,10100000,
Podiceps nigricollis,John,155000000,
Aythya collaris,John,25800000,
Bonasa umbellus,John,15700000,
Melanerpes erythrocephalus,John,6840000,
Oporornis agilis,John,2500000,
Melanerpes lewis,John,3290000,
Leuconotopicus villosus,John,29600000,
Dendroica tigrina,John,NA,
Dryobates pubescens,John,21200000,
Gallinula chloropus,John,133000000,
Cyanocorax yncas,John,11300000,
Pinicola enucleator,John,52300000,
Gallinula galeata,John,64700000,
Ardea herodias,John,34200000,
Numenius americanus,John,3440000,
Bombycilla garrulus,John,27500000,
Bartramia longicauda,John,10700000,
Sphyrapicus varius,John,7830000,
Archilochus alexandri,John,3640000,
Selasphorus calliope,John,2210000,
Falco sparverius,John,78000000,
Dolichonyx oryzivorus,John,7940000,
Passer montanus,John,98800000,
Nucifraga columbiana,John,3790000,
Icterus bullockii,John,NA,
Parkesia motacilla,John,3520000,
Melospiza georgiana,John,9560000,
Sphyrapicus thyroideus,John,2150000,
Sitta canadensis,John,16300000,
Patagioenas fasciata,John,5680000,
Aythya valisineria,John,10500000,
Pipilo maculatus,John,7820000,
Anhinga anhinga,John,28700000,
Sturnella neglecta,John,10200000,
Gavia immer,John,27200000,
Cistothorus platensis,John,28000000,
Leuconotopicus albolarvatus,John,883000,
Mniotilta varia,John,11500000,
Sialia currucoides,John,8390000,
Wilsonia pusilla,John,NA,
Platalea ajaja,John,27400000,
Botaurus lentiginosus,John,17600000,
Aythya americana,John,17800000,
Piranga flava,John,9510000,
Tympanuchus phasianellus,John,10800000,
Regulus satrapa,John,24300000,
Troglodytes aedon,John,59200000,
Piranga ludoviciana,John,6540000,
Helmitheros vermivorum,John,2520000,
Nyctanassa violacea,John,35100000,
Anas rubripes,John,7030000,
Troglodytes troglodytes,John,56800000,
Dendroica caerulescens,John,NA,
Sterna hirundo,John,112000000,
Pyrocephalus rubinus,John,26700000,
Leuconotopicus borealis,John,1630000,
Tyrannus tyrannus,John,14400000,
Euphagus cyanocephalus,John,7590000,
Bucephala islandica,John,16900000,
Contopus cooperi,John,19300000,
Vireo vicinior,John,1490000,
Chaetura pelagica,John,8580000,
Calypte anna,John,1580000,
Steganopus tricolor,John,9270000,
Myadestes townsendi,John,8520000,
Sitta pygmaea,John,4810000,
Icterus cucullatus,John,3670000,
Parus atricapillus,John,NA,
Callipepla californica,John,2670000,
Rallus longirostris,John,12700000,
Actitis macularius,John,23400000,
Oxyura jamaicensis,John,21600000,
Catharus fuscescens,John,8410000,
Corvus corax,John,137000000,
Dendroica dominica,John,NA,
Passerina amoena,John,3800000,
Perisoreus canadensis,John,16900000,
Chaetura vauxi,John,11700000,
Carpodacus cassinii,John,NA,
Dendroica fusca,John,NA,
Melozone aberti,John,307000,
Aythya affinis,John,11000000,
Parkesia noveboracensis,John,15500000,
Pheucticus melanocephalus,John,6580000,
Melospiza lincolnii,John,17000000,
Seiurus aurocapilla,John,9730000,
Rallus elegans,John,7070000,
Baeolophus ridgwayi,John,1380000,
Dendrocygna autumnalis,John,8760000,
Pterocles namaqua,John,2880000,
Haematopus ostralegus,John,124000000,
Sturnus vulgaris,John,41600000,
Gavia arctica,John,49800000,
Muscicapa striata,John,32700000,
Corvus corone,John,85700000,
Scolopax rusticola,John,49000000,
Sylvia atricapilla,John,27800000,
Sylvia borin,John,17900000,
Stercorarius parasiticus,John,148000000,
Contopus virens,John,6720000,
Parabuteo unicinctus,John,34100000,
Dendroica pensylvanica,John,NA,
Ictinia mississippiensis,John,3710000,
Dendroica castanea,John,NA,
Contopus sordidulus,John,14400000,
Egretta tricolor,John,24700000,
Cyanocitta stelleri,John,9890000,
Salpinctes obsoletus,John,7910000,
Protonotaria citrea,John,3660000,
Tyrannus verticalis,John,6030000,
Hylocichla mustelina,John,4870000,
Dryobates scalaris,John,5350000,
Dendroica virens,John,NA,
Mycteria americana,John,28600000,
Somateria mollissima,John,59900000,
Vireo cassinii,John,2430000,
Sphyrapicus ruber,John,2720000,
Bombycilla cedrorum,John,11800000,
Myiarchus tyrannulus,John,26400000,
Setophaga ruticilla,John,14600000,
Egretta thula,John,51400000,
Sphyrapicus nuchalis,John,2440000,
Wilsonia citrina,John,NA,
Dryobates nuttallii,John,299000,
Columba livia,John,61000000,
Pheucticus ludovicianus,John,7200000,
Oporornis philadelphia,John,NA,
Dendroica striata,John,NA,
Dendroica magnolia,John,NA,
Psaltriparus minimus,John,5620000,
Plectrophenax nivalis,John,43400000,
Oporornis formosus,John,NA,
Aegithalos caudatus,John,44600000,
Cuculus canorus,John,61200000,
Phylloscopus trochilus,John,23100000,
Picus viridis,John,11800000,
Turdus viscivorus,John,30900000,
Catharacta skua,John,4300000,
Limosa fedoa,John,4360000,
Zonotrichia atricapilla,John,4010000,
Empidonax virescens,John,4320000,
Vermivora peregrina,John,NA,
Ammodramus bairdii,John,NA,
Selasphorus rufus,John,2780000,
Colaptes auratus,John,23900000,
Phainopepla nitens,John,2270000,
Sitta pusilla,John,1710000,
Arremonops rufivirgatus,John,2560000,
Icterus parisorum,John,3440000,
Carduelis pinus,John,NA,
Gelochelidon nilotica,John,145000000,
Antrostomus carolinensis,John,3570000,
Larus marinus,John,33500000,
Carduelis psaltria,John,NA,
Vermivora virginiae,John,NA,
Larus californicus,John,3470000,
Calcarius ornatus,John,1150000,
Geothlypis trichas,John,20200000,
Carduelis lawrencei,John,NA,
Empidonax difficilis,John,3520000,
Passerina caerulea,John,11000000,
Gallinago delicata,John,21000000,
Pelecanus occidentalis,John,18600000,
Selasphorus sasin,John,214000,
Bubo bubo,John,51400000,
Emberiza schoeniclus,John,42700000,
Parus montanus,John,NA,
Certhia familiaris,John,35200000,
Fringilla coelebs,John,26900000,
Prunella modularis,John,15900000,
Dendroica nigrescens,John,NA,
Melozone fuscus,John,NA,
Piranga rubra,John,5680000,
Dendroica discolor,John,NA,
Egretta caerulea,John,33400000,
Melanitta deglandi,John,6260000,
Petrochelidon pyrrhonota,John,23600000,
Thalasseus maximus,John,73800000,
Brachyramphus marmoratus,John,6030000,
Larus argentatus,John,7180000,
Parus gambeli,John,NA,
Tachycineta bicolor,John,19200000,
Empidonax hammondii,John,5290000,
Lagopus lagopus,John,55900000,
Ducula spilorrhoa,John,4730000,
Carduelis tristis,John,NA,
Phylloscopus collybita,John,15300000,
Passer domesticus,John,76600000,
Dendroica coronata,John,NA,
Regulus calendula,John,18300000,
Catharus guttatus,John,20000000,
Gallinago gallinago,John,63100000,
Aeronautes saxatalis,John,6580000,
Catharus ustulatus,John,1450000,
Vireo plumbeus,John,4940000,
Empidonax minimus,John,9270000,
Corvus ossifragus,John,3200000,
Colinus virginianus,John,10100000,
Thryomanes bewickii,John,8500000,
Tyrannus vociferans,John,4080000,
Sterna dougallii,John,184000000,
Aphelocoma californica,John,4590000,
Parus ater,John,52500000,
Anthus spragueii,John,1290000,
Selasphorus platycercus,John,3960000,
Dendroica townsendi,John,NA,
Empidonax oberholseri,John,4210000,
Vireo griseus,John,6050000,
Tachycineta thalassina,John,10900000,
Luscinia svecica,John,NA,
Dendroica petechia,John,NA,
Empidonax alnorum,John,12900000,
Zonotrichia albicollis,John,7810000,
Riparia riparia,John,101000000,
Myiarchus cinerascens,John,4630000,
Passerculus sandwichensis,John,33700000,
Tetrao urogallus,John,21700000,
Garrulus glandarius,John,43100000,
Larus canus,John,75300000,
Dendroica graciae,John,NA,
Spizella passerina,John,23600000,
Parus carolinensis,John,NA,
Parus rufescens,John,NA,
Dendroica occidentalis,John,NA,
Melanerpes aurifrons,John,2870000,
Agelaius phoeniceus,John,25800000,
Oporornis tolmiei,John,NA,
Turdus migratorius,John,30600000,
Hirundo rustica,John,205000000,
Eudromias morinellus,John,47400000,
Vanellus vanellus,John,31900000,
Turdus merula,John,32400000,
Quiscalus quiscula,John,12100000,
Vireo olivaceus,John,52900000,
Vermivora luciae,John,NA,
Rissa tridactyla,John,64100000,
Ficedula albicollis,John,4430000,
Anas fulvigula,John,4230000,
Cardinalis sinuatus,John,2060000,
Macronectes giganteus,John,140000000,
Corvus brachyrhynchos,John,17400000,
Melozone crissalis,John,695000,
Larus pipixcan,John,2910000,
Xanthocephalus xanthocephalus,John,6700000,
Junco hyemalis,John,20500000,
Auriparus flaviceps,John,2950000,
Fratercula arctica,John,20800000,
Melanerpes uropygialis,John,1120000,
Parus caeruleus,John,NA,
Pelecanus crispus,John,12600000,
Carduelis flammea,John,NA,
Melanerpes formicivorus,John,6390000,
Rynchops niger,John,43700000,
Ciconia ciconia,John,52700000,
Columba oenas,John,21400000,
Corvus monedula,John,25700000,
Tringa nebularia,John,18700000,
Columba palumbus,John,31800000,
Calamospiza melanocorys,John,2010000,
Uria aalge,John,80700000,
Cygnus columbianus,John,23500000,
Baeolophus inornatus,John,608000,
Phalacrocorax pelagicus,John,24600000,
Cypseloides niger,John,13000000,
Buteo buteo,John,33900000,
Pica nuttalli,John,NA,
Calidris temminckii,John,9780000,
Polysticta stelleri,John,9240000,
Larus glaucescens,John,8370000,
Eudocimus albus,John,12900000,
Milvus milvus,John,11800000,
Oenanthe oenanthe,John,83500000,
Rhynchophanes mccownii,John,806000,
Dendrocygna bicolor,John,148000000,
Turdus iliacus,John,18300000,
Catharacta maccormicki,John,13600000,
Dendrocopos major,John,57800000,
Sternula antillarum,John,18200000,
Gymnorhinus cyanocephalus,John,2280000,
Corvus caurinus,John,1780000,
Erithacus rubecula,John,24500000,
Acrocephalus sechellensis,John,31,This is not a mistake
Fringilla montifringilla,John,20900000,
Sitta europaea,John,53000000,
Fulmarus glacialoides,John,127000000,
Anthus pratensis,John,16300000,
Diomedea exulans,John,128000000,
Larus occidentalis,John,656000,
Grus americana,John,274000,
Carpodacus erythrinus,John,41700000,
Aythya fuligula,John,34900000,
Botaurus stellaris,John,86200000,
Larus atricilla,John,17000000,
Motacilla alba,John,91800000,
Alectoris rufa,John,1710000,
Aythya ferina,John,27800000,
Netta rufina,John,19600000,
Anser fabalis,John,20500000,
Carduelis carduelis,John,26500000,
Thalassarche bulleri,John,58400000,
Parus major,John,89800000,
Aythya marila,John,46400000,
Corvus frugilegus,John,37600000,
Pluvialis apricaria,John,11100000,
Falco subbuteo,John,52600000,
Aptenodytes patagonicus,John,9220000,
Ardeola ralloides,Gergana,56300000,
Fulica atra,Gergana,137000000,
Lyrurus tetrix,Gergana,25600000,
Falco tinnunculus,Gergana,116000000,
Phylloscopus sibilatrix,Gergana,11800000,
Strix aluco,Gergana,23300000,
Alauda arvensis,Gergana,136000000,
Phalacrocorax aristotelis,Gergana,17600000,
Luscinia luscinia,Gergana,11200000,
Turdus philomelos,Gergana,23400000,
Pyrrhula pyrrhula,Gergana,40300000,
Hippolais icterina,Gergana,13200000,
Parus palustris,Gergana,NA,
Aegolius funereus,Gergana,73800000,
Carduelis cannabina,Gergana,NA,
Tadorna ferruginea,Gergana,43100000,
Alca torda,Gergana,17000000,
Burhinus oedicnemus,Gergana,27200000,
Emberiza cirlus,Gergana,6330000,
Branta bernicla,Gergana,22100000,
Sternula albifrons,Gergana,204000000,
Streptopelia turtur,Gergana,36000000,
Delichon urbicum,Gergana,30800000,
Microcarbo pygmaeus,Gergana,6780000,
Anthus trivialis,Gergana,36700000,
Larus cachinnans,Gergana,5820000,
Plegadis chihi,Gergana,32900000,
Anser brachyrhynchus,Gergana,1770000,
Fulmarus glacialis,Gergana,90300000,
Recurvirostra avosetta,Gergana,85300000,
Miliaria calandra,Gergana,NA,
Emberiza citrinella,Gergana,21600000,
Lanius collurio,Gergana,18900000,
Otis tarda,Gergana,21700000,
Podiceps cristatus,Gergana,158000000,
Branta ruficollis,Gergana,1140000,
Sylvia curruca,Gergana,32700000,
Sylvia communis,Gergana,25100000,
Uria lomvia,Gergana,49900000,
Spheniscus mendiculus,Gergana,15500,
Sterna paradisaea,Gergana,65700000,
Egretta garzetta,Gergana,151000000,
Pygoscelis adeliae,Gergana,21000000,
Clangula hyemalis,Gergana,60100000,
Phoenicurus phoenicurus,Gergana,30900000,
Anser albifrons,Gergana,19200000,
Anser caerulescens,Gergana,9720000,
Motacilla flava,Gergana,42500000,
Acrocephalus scirpaceus,Gergana,65300000,
Branta leucopsis,Gergana,5950000,
Aptenodytes forsteri,Gergana,11600000,
Ficedula hypoleuca,Gergana,18300000,
Larus ridibundus,Gergana,44500000,
Calidris minuta,Gergana,4750000,
Limosa haemastica,Gergana,3920000,
Streptopelia decaocto,Gergana,3930000,
Spiza americana,Gergana,3930000,
Petrochelidon fulva,Gergana,4570000,
Limnothlypis swainsonii,Gergana,1650000,
Phalaenoptilus nuttallii,Gergana,5990000,
Elanus leucurus,Gergana,42700000,
Caracara cheriway,Gergana,16100000,
Catherpes mexicanus,Gergana,6150000,
Toxostoma crissale,Gergana,1530000,
Ammodramus maritimus,Gergana,NA,
Sayornis nigricans,Gergana,17600000,
Geococcyx californianus,Gergana,4530000,
Columbina inca,Gergana,4560000 km2Ê,
Empidonax wrightii,Gergana,1820000,
Coragyps atratus,Gergana,44300000,
Charadrius montanus,Gergana,1590000,
Toxostoma lecontei,Gergana,666000,
Peucaea aestivalis,Gergana,1650000,
Toxostoma bendirei,Gergana,1070000,
Calypte costae,Gergana,1170000,
Vireo bellii,Gergana,4930000,
Aimophila ruficeps,Gergana,4800000,
Chordeiles acutipennis,Gergana,24700000,
Tympanuchus cupido,Gergana,1990000,
Toxostoma redivivum,Gergana,346000,
Toxostoma curvirostre,Gergana,2800000,
Columbina passerina,Gergana,23600000,
Oreortyx pictus,Gergana,1030000,
Polioptila melanura,Gergana,1730000,
Molothrus aeneus,Gergana,6260000,
Spizella atrogularis,Gergana,2540000,
Centrocercus urophasianus,Gergana,2070000,
Pipilo chlorurus,Gergana,2680000,
Corvus cryptoleucus,Gergana,1790000,
Chamaea fasciata,Gergana,504000,
Callipepla squamata,Gergana,1790000,
Passerina ciris,Gergana,3010000,
Campylorhynchus brunneicapillus,Gergana,2840000,
Callipepla gambelii,Gergana,1330000,
Tyrannus forficatus,Gergana,1660000,
Quiscalus mexicanus,Gergana,12700000,
Zenaida asiatica,Gergana,9020000,
Oreoscoptes montanus,Gergana,2590000,
Amphispiza belli,Gergana,NA,
Agelaius tricolor,Gergana,692000,
Amphispiza bilineata,Gergana,3910000,
Quiscalus major,Gergana,1550000,
Atrichornis clamosus,Gergana,6800,
Peucaea cassinii,Gergana,2580000,
Branta sandvicensis,Gergana,40500,
Telespiza cantans,Gergana,4,This is not a mistake
Pelecanus rufescens,Gergana,27700000,
Limosa lapponica,Gergana,9050000,
Dendroica kirtlandii,Gergana,NA,
Spatula querquedula,Gergana,32500000,
Lullula arborea,Gergana,16100000,
Mergellus albellus,Gergana,17500000,
Ardea cinerea,Gergana,128000000,
Tringa totanus,Gergana,40700000,
Limosa limosa,Gergana,30300000,
Eudyptes moseleyi,Gergana,1840000,
Buteo lagopus,Gergana,41600000,
Falco rusticolus,Gergana,37100000,
Arenaria interpres,Gergana,27600000,
Calidris alba,Gergana,13600000,
Calidris alpina,Gergana,51200000,
Calidris canutus,Gergana,17800000,
Charadrius hiaticula,Gergana,40400000,
Pluvialis squatarola,Gergana,17300000,
Numenius arquata,Gergana,20700000,
Tringa brevipes,Gergana,7560000,
Calidris ruficollis,Gergana,3360000,
Catharus minimus,Gergana,13200000,
Cepphus columba,Gergana,15400000,
Antigone vipio,Gergana,1400000,
Tadorna tadorna,Gergana,31000000,
Pygoscelis papua,Gergana,16500000,
Falco punctatus,Gergana,880,
Psittacula eques,Gergana,90,
Himantopus novaezelandiae,Gergana,3300,
Phoenicopterus ruber,Gergana,5200000,
Amazona vittata,Gergana,1000,
Fratercula cirrhata,Gergana,17000000,
Cinclus cinclus,Gergana,36100000,
Charadrius alexandrinus,Gergana,70800000,
Tringa ochropus,Gergana,24600000,
Oriolus oriolus,Gergana,26600000,
Grus monacha,Gergana,2610000,
Tringa erythropus,Gergana,7360000,
Ardea purpurea,Gergana,117000000,
Aegypius monachus,Gergana,22300000,
Gyps fulvus,Gergana,20400000,
Alectoris chukar,Gergana,19300000,
Aquila adalberti,Gergana,204000,
Tadorna tadornoides,Gergana,12300000,
Calidris ferruginea,Gergana,3050000,
Numenius madagascariensis,Gergana,5590000,
Larus novaehollandiae,Gergana,20600000,
Larus pacificus,Gergana,4430000,
Pelecanus conspicillatus,Gergana,10600000,
Microcarbo melanoleucos,Gergana,25700000,
Aerodramus maximus,Gergana,4580000,
Anthus rubescens,Gergana,53400000,
Phalaropus lobatus,Gergana,39500000,
Calidris minutilla,Gergana,16100000,
Rissa brevirostris,Gergana,1320000,
Cerorhinca monocerata,Gergana,18200000,
Haematopus ater,Gergana,48500000,
Phalacrocorax urile,Gergana,4260000,
Actitis hypoleucos,Gergana,47200000,
Calidris pugnax,Gergana,38500000,
Tringa glareola,Gergana,23000000,
Melanitta nigra,Gergana,12000000,
Asio otus,Gergana,80100000,
Cygnus cygnus,Gergana,29500000,
Tachybaptus ruficollis,Gergana,134000000,
Pluvialis fulva,Gergana,8240000,
Pagophila eburnea,Gergana,40100000,
Alle alle,Gergana,9130000,
Apus apus,Gergana,39800000,
Carduelis chloris,Gergana,NA,
Carduelis spinus,Gergana,NA,
Nucifraga caryocatactes,Gergana,37400000,
Parus cristatus,Gergana,NA,
Regulus regulus,Gergana,48300000,
Saxicola rubetra,Gergana,20500000,
Turdus pilaris,Gergana,24100000,
Jynx torquilla,Gergana,38400000,
Dryocopus martius,Gergana,38900000,
Ficedula parva,Gergana,9500000,
Coccothraustes coccothraustes,Gergana,33000000,
Leiopicus medius,Gergana,8560000,
Milvus migrans,Gergana,181000000,
Leptoptilos crumenifer,Gergana,24000000,
Malurus splendens,Gergana,5350000,
Copsychus sechellarum,Gergana,1100,
Larus audouinii,Gergana,2200000,
Numenius phaeopus,Gergana,31100000,
Agelaius xanthomus,Gergana,9000,
Anas wyvilliana,Gergana,45900,
Ixobrychus sinensis,Gergana,51500000,
Todiramphus cinnamominus,Gergana,EXTINCT,
Fulica alai,Gergana,59600,
Lonchura atricapilla,Gergana,13200000,
Ptilinopus roseicapilla,Gergana,1900,
Alopecoenas xanthonurus,Gergana,355000,
Hypotaenidia owstoni,Gergana,EXTINCT,
Corvus kubaryi,Gergana,120,
Rhipidura rufifrons,Gergana,13200000,
Myzomela rubratra,Gergana,2520000,
Aplonis opaca,Gergana,1730000,
Haliaeetus pelagicus,Gergana,2940000,
Anthus petrosus,Gergana,4260000,
Motacilla cinerea,Gergana,60700000,
Thalassarche chrysostoma,Gergana,107000000,
Thalassarche melanophris,Gergana,177000000,
Anous stolidus,Gergana,215000000,
Gygis alba,Gergana,137000000,
Streptopelia bitorquata,Gergana,510000,
Dicrurus macrocercus,Gergana,26100000,
Pygoscelis antarcticus,Gergana,13000000,
Aquila audax,Gergana,10600000,
Aviceda subcristata,Gergana,11100000,
Climacteris picumnus,Gergana,3270000,
Petroica phoenicea,Gergana,709000,
Pomatostomus temporalis,Gergana,8510000,
Melithreptus lunatus,Gergana,2820000,
Chasiempis sandwichensis,Gergana,10400,
Myadestes obscurus,Gergana,5400,
Hemignathus virens,Gergana,NA,
Vestiaria coccinea,Gergana,NA,
Himatione sanguinea,Gergana,53700,
Hemignathus munroi,Gergana,NA,
Oreomystis mana,Gergana,NA,
Loxops coccineus,Gergana,2300,
Strix uralensis,Gergana,34500000,
Surnia ulula,Gergana,49700000,
Geronticus eremita,Gergana,203000,
Chlidonias hybrida,Gergana,139000000,
Leiothrix lutea,Gergana,5780000,
Zosterops japonicus,Gergana,8900000,
Acanthiza uropygialis,Gergana,6120000,
Oreoica gutturalis,Gergana,6910000,
Melanodryas cucullata,Gergana,8830000,
Pachycephala rufiventris,Gergana,11800000,
Gerygone fusca,Gergana,6650000,
Cacatua galerita,Gergana,10600000,
Manorina melanocephala,Gergana,5010000,
Strepera graculina,Gergana,3480000,
Anthochaera carunculata,Gergana,4300000,
Larus dominicanus,Gergana,163000000,
Spheniscus demersus,Gergana,3920000,
Geospiza conirostris,Gergana,70,
Gypaetus barbatus,Gergana,61700000,
Crex crex,Gergana,20600000,
Eudyptula minor,Gergana,6870000,
Eudyptes chrysolophus,Gergana,18700000,
Phalaropus fulicarius,Gergana,20800000,
Morus capensis,Gergana,326000,
Phalacrocorax capensis,Gergana,1060000,
Neophema chrysogaster,Gergana,12800,
Anser canagicus,Gergana,775000,
Glareola pratincola,Gergana,52700000,
Phoebetria fusca,Gergana,76200000,
Phaethon aethereus,Gergana,136000000,
Calidris maritima,Gergana,14900000,
Puffinus mauretanicus,Gergana,7120000,
Thinornis cucullatus,Gergana,7900000,
Anseranas semipalmata,Gergana,5050000,
Lophura nycthemera,Gergana,3280000,
Lophura diardi,Gergana,1040000,
Loxioides bailleui,Gergana,350,
Phylloscopus trochiloides,Gergana,NA,
Pernis apivorus,Gergana,18200000,
Aquila heliaca,Gergana,15400000,
Lymnocryptes minimus,Gergana,10600000,
Ciconia nigra,Gergana,NA,
Phoebetria palpebrata,Gergana,100000000,
Macronectes halli,Gergana,132000000,
Anous minutus,Gergana,164000000,
Onychoprion lunatus,Gergana,29100000,
Sula sula,Gergana,185000000,
Phaethon rubricauda,Gergana,95100000,
Megadyptes antipodes,Gergana,395000,
Aquila fasciata,Gergana,48500000,
Calidris pusilla,Gergana,9670000,
Anser erythropus,Gergana,7060000,
Anas gracilis,Gergana,22400000,
Calidris acuminata,Gergana,667000,
Pluvialis dominica,Gergana,7040000,
Somateria spectabilis,Gergana,19100000,
Calidris melanotos,Gergana,14500000,
Calidris himantopus,Gergana,3050000,
Calidris subruficollis,Gergana,2470000,
Calcarius lapponicus,Gergana,38900000,
Carduelis flavirostris,Gergana,NA,
Grus japonensis,Gergana,2080000,
Acrocephalus arundinaceus,Gergana,24500000,
Spheniscus humboldti,Gergana,2710000,
Hirundo nigricans,Gergana,NA,
Cygnus atratus,Gergana,9920000,
Ardea plumifera,Gergana,12100000,
Poliocephalus poliocephalus,Gergana,5010000,
Calidris tenuirostris,Gergana,1920000,
Cettia cetti,Gergana,19900000,
Charadrius mongolus,Gergana,47100000,
Luscinia megarhynchos,Gergana,19300000,
Hippolais polyglotta,Gergana,3560000,
Gymnogyps californianus,Gergana,405000,
Haematopus longirostris,Gergana,11400000,
Recurvirostra novaehollandiae,Gergana,5280000,
Hydrobates furcatus,Gergana,22400000,
Elanus caeruleus,Gergana,97800000,
Marmaronetta angustirostris,Gergana,14600000,
Charadrius dubius,Gergana,87600000,
Larus ichthyaetus,Gergana,NA,
Rallus aquaticus,Gergana,NA,
Porphyrio porphyrio,Gergana,261000000,
Diomedea amsterdamensis,Gergana,11900000,
Eudyptes chrysocome,Gergana,13100000,
Vanellus tricolor,Gergana,8610000,
Vanellus miles,Gergana,6360000,
Cladorhynchus leucocephalus,Gergana,1970000,
Merops apiaster,Gergana,55700000,
Saxicola torquatus,Gergana,113000000,
Cisticola juncidis,Gergana,134000000,
Sylvia melanocephala,Gergana,9170000,
Sturnus unicolor,Gergana,2780000,
Thalasseus bergii,Gergana,142000000,
Dromaius novaehollandiae,Gergana,8800000,
Leucogeranus leucogeranus,Gergana,2290000,
Fregata minor,Gergana,126000000,
Balearica regulorum,Gergana,6070000,
Stercorarius longicaudus,Gergana,34800000,
Gallinago hardwickii,Gergana,1110000,
Gyps bengalensis,Gergana,7370000,
Branta hutchinsii,Gergana,8450000,
Somateria fischeri,Gergana,4060000,
Larus hyperboreus,Gergana,25600000,
Xema sabini,Gergana,9270000,
Ardenna grisea,Gergana,466000000,
Ptychoramphus aleuticus,Gergana,8620000,
Daption capense,Gergana,188000000,
Pagodroma nivea,Gergana,66900000,
Struthio camelus,Gergana,24000000,
Cygnus buccinator,Gergana,7770000,
Circus pygargus,Gergana,17000000,
Ixobrychus minutus,Gergana,69600000,
Fulica cristata,Gergana,27100000,
Gyps himalayensis,Gergana,6220000,
Neophron percnopterus,Gergana,59500000,
Sarcogyps calvus,Gergana,5230000,
Ephippiorhynchus senegalensis,Gergana,20600000,
Lagopus leucura,Gergana,4970000,
Pomarea dimidiata,Gergana,NA,
Gallinago media,Gergana,9730000,
Thalassarche carteri,Gergana,43600000,
Spheniscus magellanicus,Gergana,2340000,
Pycnonotus barbatus,Gergana,33900000,
Malurus cyaneus,Gergana,2310000,
Threskiornis moluccus,Gergana,14100000,
Lagopus muta,Gergana,77700000,
Bubo scandiacus,Gergana,38100000,
Megascops kennicottii,Gergana,7020000,
Lichenostomus melanops,Gergana,1490000,
Alcedo atthis,Gergana,94100000,
Pterodroma leucoptera,Gergana,152000000,
Charadrius sanctaehelenae,Gergana,70,
Leipoa ocellata,Gergana,3290000,
Dasyornis brachypterus,Gergana,102000,
Circus cyaneus,Gergana,34800000,
Lanius minor,Gergana,13600000,
Onychoprion fuscatus,Gergana,195000000,
Anthochaera chrysoptera,Gergana,2030000,
Phylidonyris novaehollandiae,Gergana,4680000,
Lichenostomus penicillatus,Gergana,NA,
Acridotheres tristis,Gergana,18000000,
Callaeas cinereus,Gergana,6300,
Anas superciliosa,Gergana,49800000,
Anas castanea,Gergana,7430000,
Acrocephalus australis,Gergana,24600000,
Platalea minor,Gergana,169000,
Melanitta perspicillata,Gergana,7360000,
Numenius tenuirostris,Gergana,303000,
Tyto alba,Gergana,330000000,
Sula dactylatra,Gergana,211000000,
Anthus spinoletta,Gergana,17400000,
Phylidonyris melanops,Gergana,NA,
Haliaeetus vocifer,Gergana,25200000,
Charadrius pecuarius,Gergana,33400000,
Gyps indicus,Gergana,2150000,
Stipiturus mallee,Gergana,31300,
Petroica australis,Gergana,180000,
Philesturnus carunculatus,Gergana,84200,
Gavia adamsii,Gergana,12000000,
Strix occidentalis,Gergana,3920000,
Porzana porzana,Gergana,28000000,
Zapornia parva,Gergana,14500000,
Locustella luscinioides,Gergana,16600000,
Acrocephalus melanopogon,Gergana,13800000,
Panurus biarmicus,Gergana,23700000,
Remiz pendulinus,Gergana,14900000,
Phoebastria immutabilis,Gergana,49000000,
Saundersilarus saundersi,Gergana,531000,
Polytelis swainsonii,Gergana,95300,
Sylvia conspicillata,Gergana,11200000,
Ceryle rudis,Gergana,69300000,
Eunymphicus uvaeensis,Gergana,640,
Anser rossii,Gergana,3960000,
Hieraaetus pennatus,Gergana,72300000,
Calyptorhynchus lathami,Gergana,1470000,
Acrocephalus schoenobaenus,Gergana,20100000,
Upupa epops,Gergana,104000000,
Hirundo daurica,Gergana,NA,
Phoenicurus ochruros,Gergana,31000000,
Locustella naevia,Gergana,16000000,
Sylvia cantillans,Gergana,5020000,
Sylvia undata,Gergana,3110000,
Sylvia hortensis,Gergana,4340000,
Phylloscopus bonelli,Gergana,3380000,
Phylloscopus ibericus,Gergana,1150000,
Regulus ignicapilla,Gergana,8210000,
Certhia brachydactyla,Gergana,8570000,
Lanius senator,Gergana,12000000,
Cyanopica cyanus,Gergana,8770000,
Serinus serinus,Gergana,11700000,
Lathamus discolor,Gergana,21500,
Calidris fuscicollis,Gergana,4010000,
Falco cenchroides,Gergana,16900000,
Cacatua leadbeateri,Gergana,5060000,
Eolophus roseicapilla,Gergana,10100000,
Falco naumanni,Gergana,25000000,
Calidris mauri,Gergana,947000,
Charadrius semipalmatus,Gergana,17000000,
Phalacrocorax brasilianus,Gergana,39700000,
Fregata magnificens,Gergana,32700000,
Sterna hirundinacea,Gergana,10600000,
Anastomus oscitans,Gergana,7080000,
Limnodromus griseus,Gergana,5000000,
Amazonetta brasiliensis,Gergana,13000000,
Ardea cocoi,Gergana,20600000,
Syrigma sibilatrix,Gergana,8950000,
Pardirallus nigricans,Gergana,12000000,
Vanellus chilensis,Gergana,24800000,
Charadrius collaris,Gergana,27500000,
Larus maculipennis,Gergana,4530000,
Megaceryle torquata,Gergana,35600000,
Chthonicola sagittatus,Gergana,NA,
Glossopsitta concinna,Gergana,1690000,
Malurus lamberti,Gergana,7970000,
Taeniopygia bichenovii,Gergana,5450000,
Acanthiza reguloides,Gergana,2620000,
Myzomela sanguinolenta,Gergana,1960000,
Rhipidura fuliginosa,Gergana,1180000,
Neochmia temporalis,Gergana,3340000,
Pezoporus wallicus,Gergana,3540000,
Coracias garrulus,Gergana,21000000,
Calandrella brachydactyla,Gergana,24900000,
Anthus richardi,Gergana,16600000,
Calidris ptilocnemis,Gergana,3910000,
Haematopus palliatus,Gergana,44300000,
Argusianus argus,Gergana,3430000,
Gallus gallus,Gergana,33900000,
Calyptorhynchus banksii,Gergana,8680000,
Phoeniconaias minor,Gergana,27700000,
Sterna trudeaui,Gergana,2770000,
Patagioenas leucocephala,Gergana,3470000,
Sternula superciliaris,Gergana,14000000,
Emberiza hortulana,Gergana,20200000,
Hirundo rupestris,Gergana,NA,
Galerida cristata,Gergana,57700000,
Myiopsitta monachus,Gergana,3110000,
Hypotaenidia sylvestris,Gergana,NA,
Pterodroma cahow,Gergana,17500000,
Charadrius ruficapillus,Gergana,11400000,
Ardeola bacchus,Gergana,9030000,
Megascops asio,Gergana,10400000,
Aechmophorus occidentalis,Gergana,8600000,
Calidris virgata,Gergana,1550000,
Arenaria melanocephala,Gergana,636000,
Larus thayeri,Gergana,2820000,
Melanitta americana,Gergana,17700000,
Emberiza pusilla,Gergana,18200000,
Thalassarche chlororhynchos,Gergana,29100000,
Phalacrocorax penicillatus,Gergana,1650000,
Diomedea dabbenena,Gergana,54900000,
Calidris pygmaea,Gergana,355000,
Caprimulgus longipennis,Gergana,5340000,
Anas laysanensis,Gergana,NA,