"","species","n"
"1","Abramis brama",2
"2","Abrothrix longipilis",5
"3","Abrothrix olivaceus",3
"4","Acanthemblemaria aspera",8
"5","Acanthiza reguloides",5
"6","Acanthiza uropygialis",6
"7","Acanthopagrus berda",6
"8","Acanthurus achilles",4
"9","Acanthurus bahianus",9
"10","Acanthurus chirurgus",7
"11","Acanthurus coeruleus",8
"12","Acanthurus dussumieri",6
"13","Acanthurus nigrofuscus",8
"14","Accipiter cooperii",7
"15","Accipiter gentilis",4
"16","Accipiter nisus",12
"17","Accipiter striatus",10
"18","Acinonyx jubatus",6
"19","Acipenser fulvescens",2
"20","Acipenser gueldenstaedtii",5
"21","Acipenser medirostris",3
"22","Acipenser nudiventris",2
"23","Acipenser oxyrinchus",7
"24","Acipenser ruthenus",1
"25","Acipenser sinensis",6
"26","Acipenser stellatus",5
"27","Acipenser transmontanus",4
"28","Acridotheres tristis",7
"29","Acris crepitans",9
"30","Acrocephalus arundinaceus",10
"31","Acrocephalus australis",5
"32","Acrocephalus melanopogon",2
"33","Acrocephalus schoenobaenus",7
"34","Acrocephalus scirpaceus",6
"35","Acrocephalus sechellensis",1
"36","Actitis hypoleucos",15
"37","Actitis macularius",10
"38","Aechmophorus occidentalis",1
"39","Aegithalos caudatus",9
"40","Aegolius acadicus",5
"41","Aegolius funereus",3
"42","Aegypius monachus",4
"43","Aepyceros melampus",3
"44","Aerodramus maximus",3
"45","Aeronautes saxatalis",5
"46","Agalychnis callidryas",5
"47","Agelaius phoeniceus",3
"48","Agelaius tricolor",2
"49","Agelaius xanthomus",4
"50","Agonus cataphractus",4
"51","Aimophila ruficeps",3
"52","Aix sponsa",4
"53","Akodon azarae",3
"54","Akodon cursor",1
"55","Alauda arvensis",13
"56","Alca torda",12
"57","Alcedo atthis",14
"58","Alcelaphus buselaphus",9
"59","Alces alces",5
"60","Alectoris chukar",2
"61","Alectoris rufa",5
"62","Alepisaurus ferox",3
"63","Alle alle",12
"64","Alligator sinensis",2
"65","Alopecoenas xanthonurus",4
"66","Alopias vulpinus",3
"67","Alosa aestivalis",6
"68","Alosa pseudoharengus",6
"69","Alosa sapidissima",4
"70","Alouatta palliata",4
"71","Alsophis antiguae",2
"72","Amazona vittata",3
"73","Amazonetta brasiliensis",5
"74","Ambloplites rupestris",3
"75","Amblyraja radiata",2
"76","Amblyrhynchotes honckenii",7
"77","Amblyrhynchus cristatus",4
"78","Ambystoma californiense",9
"79","Ambystoma macrodactylum",10
"80","Ambystoma maculatum",4
"81","Ambystoma opacum",3
"82","Ambystoma talpoideum",4
"83","Ambystoma tigrinum",16
"84","Ameiurus melas",6
"85","Ameiurus nebulosus",5
"86","Amia calva",4
"87","Ammodramus savannarum",5
"88","Ammodytes tobianus",1
"89","Amphispiza bilineata",2
"90","Anas acuta",7
"91","Anas castanea",9
"92","Anas crecca",5
"93","Anas fulvigula",4
"94","Anas gracilis",8
"95","Anas laysanensis",4
"96","Anas platyrhynchos",12
"97","Anas rubripes",14
"98","Anas superciliosa",9
"99","Anas wyvilliana",7
"100","Anastomus oscitans",6
"101","Anaxyrus americanus",13
"102","Anaxyrus boreas",15
"103","Anaxyrus canorus",7
"104","Anaxyrus fowleri",10
"105","Anaxyrus terrestris",12
"106","Anchoa mitchilli",5
"107","Aneides aeneus",2
"108","Aneides hardii",1
"109","Anguilla anguilla",47
"110","Anguilla rostrata",8
"111","Anhinga anhinga",2
"112","Anous minutus",10
"113","Anous stolidus",16
"114","Anser albifrons",7
"115","Anser anser",5
"116","Anser brachyrhynchus",6
"117","Anser caerulescens",8
"118","Anser canagicus",6
"119","Anser erythropus",11
"120","Anser fabalis",5
"121","Anser rossii",6
"122","Anseranas semipalmata",3
"123","Antaresia childreni",11
"124","Anthias anthias",2
"125","Anthochaera carunculata",12
"126","Anthochaera chrysoptera",9
"127","Anthus petrosus",6
"128","Anthus pratensis",10
"129","Anthus richardi",3
"130","Anthus rubescens",13
"131","Anthus spinoletta",8
"132","Anthus spragueii",3
"133","Anthus trivialis",10
"134","Antigone canadensis",2
"135","Antigone vipio",5
"136","Antimora rostrata",2
"137","Antrostomus carolinensis",6
"138","Antrostomus vociferus",2
"139","Apeltes quadracus",8
"140","Aphelocoma californica",5
"141","Aplodinotus grunniens",3
"142","Aplonis opaca",5
"143","Apodemus flavicollis",5
"144","Apodemus sylvaticus",10
"145","Aptenodytes forsteri",10
"146","Aptenodytes patagonicus",10
"147","Apus apus",16
"148","Aquila adalberti",6
"149","Aquila audax",6
"150","Aquila chrysaetos",9
"151","Aquila fasciata",7
"152","Aquila heliaca",7
"153","Archilochus alexandri",7
"154","Archilochus colubris",9
"155","Arctictis binturong",4
"156","Arctocephalus australis",5
"157","Arctocephalus gazella",4
"158","Arctocephalus pusillus",4
"159","Arctocephalus townsendi",6
"160","Arctocephalus tropicalis",4
"161","Arctogalidia trivirgata",3
"162","Ardea alba",5
"163","Ardea cinerea",22
"164","Ardea cocoi",3
"165","Ardea herodias",5
"166","Ardea plumifera",19
"167","Ardea purpurea",4
"168","Ardenna grisea",10
"169","Ardeola bacchus",8
"170","Ardeola ralloides",4
"171","Arenaria interpres",19
"172","Arenaria melanocephala",3
"173","Argusianus argus",2
"174","Arizona elegans",6
"175","Arnoglossus laterna",3
"176","Arothron hispidus",12
"177","Arothron meleagris",5
"178","Arremonops rufivirgatus",5
"179","Arvicola amphibius",9
"180","Asio flammeus",8
"181","Asio otus",15
"182","Ateles geoffroyi",3
"183","Athene cunicularia",8
"184","Atherina boyeri",5
"185","Atrichornis clamosus",5
"186","Auriparus flaviceps",4
"187","Aviceda subcristata",6
"188","Aythya affinis",15
"189","Aythya americana",6
"190","Aythya collaris",2
"191","Aythya ferina",17
"192","Aythya fuligula",14
"193","Aythya marila",12
"194","Aythya valisineria",10
"195","Baeolophus bicolor",6
"196","Baeolophus inornatus",5
"197","Baeolophus ridgwayi",3
"198","Balaena mysticetus",2
"199","Balaenoptera acutorostrata",2
"200","Balaenoptera musculus",2
"201","Balaenoptera physalus",2
"202","Balearica regulorum",13
"203","Bartramia longicauda",3
"204","Bathyraja interrupta",2
"205","Bathyraja spinicauda",3
"206","Beatragus hunteri",4
"207","Bison bison",26
"208","Bison bonasus",9
"209","Blarina brevicauda",3
"210","Bombycilla cedrorum",5
"211","Bombycilla garrulus",5
"212","Bonasa bonasia",2
"213","Bonasa umbellus",2
"214","Boops boops",7
"215","Boopsoidea inornata",3
"216","Botaurus lentiginosus",1
"217","Botaurus stellaris",2
"218","Brachydeuterus auritus",3
"219","Brachyramphus marmoratus",6
"220","Brachyteles arachnoides",1
"221","Brachyteles hypoxanthus",2
"222","Branta bernicla",4
"223","Branta canadensis",8
"224","Branta hutchinsii",5
"225","Branta leucopsis",6
"226","Branta ruficollis",8
"227","Branta sandvicensis",2
"228","Brevoortia patronus",2
"229","Brevoortia tyrannus",5
"230","Brycinus imberi",6
"231","Bubo bubo",10
"232","Bubo scandiacus",4
"233","Bubo virginianus",15
"234","Bubulcus ibis",6
"235","Bucephala albeola",10
"236","Bucephala clangula",11
"237","Bucephala islandica",4
"238","Bufo bufo",26
"239","Buglossidium luteum",3
"240","Burhinus oedicnemus",5
"241","Burramys parvus",1
"242","Buteo buteo",9
"243","Buteo jamaicensis",11
"244","Buteo lagopus",8
"245","Buteo lineatus",4
"246","Buteo platypterus",4
"247","Buteo regalis",5
"248","Buteo swainsoni",7
"249","Butorides striata",4
"250","Cacatua galerita",4
"251","Cacatua leadbeateri",2
"252","Calamospiza melanocorys",3
"253","Calandrella brachydactyla",5
"254","Calcarius lapponicus",4
"255","Calcarius ornatus",2
"256","Calcarius pictus",6
"257","Calidris acuminata",7
"258","Calidris alba",8
"259","Calidris alpina",12
"260","Calidris canutus",9
"261","Calidris ferruginea",22
"262","Calidris fuscicollis",10
"263","Calidris himantopus",8
"264","Calidris maritima",7
"265","Calidris mauri",6
"266","Calidris melanotos",12
"267","Calidris minuta",19
"268","Calidris minutilla",14
"269","Calidris ptilocnemis",5
"270","Calidris pugnax",12
"271","Calidris pusilla",10
"272","Calidris pygmaea",3
"273","Calidris ruficollis",6
"274","Calidris subruficollis",4
"275","Calidris temminckii",13
"276","Calidris tenuirostris",6
"277","Calidris virgata",4
"278","Callaeas cinereus",2
"279","Callionymus lyra",3
"280","Callionymus maculatus",3
"281","Callipepla californica",8
"282","Callipepla gambelii",3
"283","Callipepla squamata",2
"284","Callisaurus draconoides",4
"285","Callorhinus ursinus",4
"286","Calomys venustus",2
"287","Calypte anna",7
"288","Calypte costae",6
"289","Calyptorhynchus banksii",3
"290","Calyptorhynchus lathami",1
"291","Campylorhynchus brunneicapillus",2
"292","Canis aureus",10
"293","Canis latrans",17
"294","Canis lupus",16
"295","Canis simensis",4
"296","Canthigaster jactator",6
"297","Capra falconeri",5
"298","Capra ibex",2
"299","Capra pyrenaica",3
"300","Capreolus capreolus",14
"301","Caprimulgus longipennis",7
"302","Caracara cheriway",9
"303","Caranx crysos",2
"304","Caranx sexfasciatus",2
"305","Carcharhinus amboinensis",6
"306","Carcharhinus brachyurus",4
"307","Carcharhinus brevipinna",2
"308","Carcharhinus leucas",4
"309","Carcharhinus limbatus",1
"310","Carcharhinus longimanus",1
"311","Carcharhinus obscurus",3
"312","Carcharhinus plumbeus",4
"313","Carcharias taurus",3
"314","Carcharodon carcharias",4
"315","Cardinalis cardinalis",8
"316","Cardinalis sinuatus",3
"317","Carduelis carduelis",10
"318","Caretta caretta",10
"319","Carpodacus erythrinus",7
"320","Castor canadensis",5
"321","Castor fiber",10
"322","Catharacta maccormicki",13
"323","Catharacta skua",10
"324","Cathartes aura",9
"325","Catharus bicknelli",4
"326","Catharus fuscescens",3
"327","Catharus guttatus",3
"328","Catharus minimus",4
"329","Catharus ustulatus",13
"330","Catherpes mexicanus",3
"331","Catopuma temminckii",9
"332","Catostomus catostomus",2
"333","Catostomus commersonii",2
"334","Centrocercus urophasianus",1
"335","Centropristis striata",1
"336","Cephalopholis fulva",2
"337","Cepphus columba",12
"338","Cepphus grylle",12
"339","Ceratotherium simum",3
"340","Cerorhinca monocerata",10
"341","Certhia americana",2
"342","Certhia brachydactyla",7
"343","Certhia familiaris",2
"344","Cervus elaphus",6
"345","Ceryle rudis",25
"346","Cetorhinus maximus",2
"347","Cettia cetti",5
"348","Chaetodipus intermedius",3
"349","Chaetodipus penicillatus",2
"350","Chaetodon capistratus",2
"351","Chaetodon citrinellus",3
"352","Chaetodon kleinii",5
"353","Chaetodon plebeius",5
"354","Chaetodon rainfordi",4
"355","Chaetodon striatus",6
"356","Chaetura pelagica",5
"357","Chaetura vauxi",4
"358","Chamaea fasciata",2
"359","Charadrius alexandrinus",17
"360","Charadrius collaris",2
"361","Charadrius dubius",14
"362","Charadrius hiaticula",13
"363","Charadrius mongolus",14
"364","Charadrius montanus",3
"365","Charadrius pecuarius",17
"366","Charadrius ruficapillus",7
"367","Charadrius sanctaehelenae",4
"368","Charadrius semipalmatus",11
"369","Charadrius vociferus",7
"370","Chasiempis sandwichensis",5
"371","Cheimerius nufar",3
"372","Chelidonichthys lucerna",5
"373","Chelon macrolepis",2
"374","Chelonia mydas",5
"375","Chelydra serpentina",15
"376","Chionactis occipitalis",6
"377","Chlamydosaurus kingii",4
"378","Chlidonias hybrida",8
"379","Chlidonias niger",18
"380","Chlorophthalmus agassizi",1
"381","Chondestes grammacus",4
"382","Chordeiles acutipennis",4
"383","Chordeiles minor",12
"384","Chromis multilineata",7
"385","Chrysemys picta",10
"386","Chrysoblephus laticeps",2
"387","Chrysoblephus puniceus",2
"388","Ciconia ciconia",2
"389","Ciconia nigra",3
"390","Cinclus cinclus",3
"391","Cinclus mexicanus",3
"392","Circus aeruginosus",7
"393","Circus cyaneus",8
"394","Circus hudsonius",8
"395","Circus pygargus",7
"396","Cisticola juncidis",11
"397","Cistothorus palustris",4
"398","Cistothorus platensis",6
"399","Citharichthys arctifrons",7
"400","Cladorhynchus leucocephalus",6
"401","Clangula hyemalis",9
"402","Clarias gariepinus",10
"403","Clemmys guttata",7
"404","Climacteris picumnus",5
"405","Clupea harengus",2
"406","Coccothraustes coccothraustes",3
"407","Coccyzus americanus",6
"408","Coccyzus erythropthalmus",4
"409","Colaptes auratus",7
"410","Colinus virginianus",5
"411","Colobus guereza",3
"412","Coluber constrictor",13
"413","Columba livia",5
"414","Columba oenas",11
"415","Columba palumbus",10
"416","Columbina inca",4
"417","Columbina passerina",8
"418","Connochaetes taurinus",3
"419","Contopus cooperi",8
"420","Contopus sordidulus",4
"421","Contopus virens",4
"422","Copsychus sechellarum",3
"423","Coracias garrulus",9
"424","Coragyps atratus",9
"425","Coregonus albula",3
"426","Coregonus artedi",3
"427","Coregonus autumnalis",3
"428","Coregonus hoyi",1
"429","Coregonus lavaretus",1
"430","Coronella austriaca",6
"431","Corvus brachyrhynchos",8
"432","Corvus caurinus",7
"433","Corvus corax",8
"434","Corvus corone",18
"435","Corvus cryptoleucus",4
"436","Corvus frugilegus",5
"437","Corvus kubaryi",1
"438","Corvus monedula",9
"439","Corvus ossifragus",6
"440","Coryphaena hippurus",2
"441","Coryphaenoides rupestris",1
"442","Coturnicops noveboracensis",1
"443","Couesius plumbeus",2
"444","Crenichthys nevadae",1
"445","Crex crex",6
"446","Crocodylus acutus",5
"447","Crocuta crocuta",4
"448","Crotalus atrox",8
"449","Crotalus cerastes",1
"450","Crotalus pricei",3
"451","Crotalus viridis",7
"452","Cryptophis pallidiceps",4
"453","Ctenochaetus hawaiiensis",2
"454","Ctenochaetus strigosus",7
"455","Ctenotus leonhardii",4
"456","Ctenotus schomburgkii",3
"457","Cuculus canorus",9
"458","Culaea inconstans",4
"459","Cuon alpinus",9
"460","Cyanocitta cristata",6
"461","Cyanocitta stelleri",5
"462","Cyanocorax yncas",6
"463","Cyanopica cyanus",5
"464","Cygnus atratus",5
"465","Cygnus buccinator",2
"466","Cygnus columbianus",6
"467","Cygnus cygnus",2
"468","Cygnus olor",6
"469","Cymatoceps nasutus",2
"470","Cymatogaster aggregata",2
"471","Cynogale bennettii",6
"472","Cynoscion arenarius",1
"473","Cynoscion othonopterus",4
"474","Cyprinodon bovinus",1
"475","Cyprinodon diabolis",1
"476","Cyprinus carpio",2
"477","Cypseloides niger",3
"478","Dama dama",6
"479","Damaliscus lunatus",5
"480","Daption capense",10
"481","Dasyornis brachypterus",4
"482","Delichon urbicum",8
"483","Delphinapterus leucas",5
"484","Delphinus delphis",2
"485","Dendragapus obscurus",2
"486","Dendrocopos major",8
"487","Dendrocygna autumnalis",2
"488","Dendrocygna bicolor",4
"489","Dendropsophus ebraccatus",8
"490","Dendropsophus microcephalus",12
"491","Dentex dentex",7
"492","Dermochelys coriacea",3
"493","Desmognathus aeneus",3
"494","Desmognathus monticola",4
"495","Desmognathus ochrophaeus",5
"496","Desmognathus quadramaculatus",3
"497","Dicerorhinus sumatrensis",2
"498","Diceros bicornis",3
"499","Dicrostonyx groenlandicus",1
"500","Dicrostonyx vinogradovi",3
"501","Dicrurus macrocercus",6
"502","Didelphis aurita",9
"503","Diodon holocanthus",3
"504","Diodon hystrix",1
"505","Diomedea amsterdamensis",10
"506","Diomedea dabbenena",10
"507","Diomedea exulans",3
"508","Diplodactylus conspicillatus",5
"509","Diplodus annularis",5
"510","Diplodus capensis",8
"511","Diplodus hottentotus",3
"512","Diplodus vulgaris",6
"513","Dipodomys merriami",2
"514","Dipodomys ordii",2
"515","Dipodomys spectabilis",1
"516","Dipsosaurus dorsalis",3
"517","Dipturus laevis",2
"518","Dolichonyx oryzivorus",4
"519","Dorosoma cepedianum",4
"520","Dromaius novaehollandiae",7
"521","Drymarchon couperi",3
"522","Dryobates minor",6
"523","Dryobates nuttallii",4
"524","Dryobates pubescens",4
"525","Dryobates scalaris",6
"526","Dryocopus martius",3
"527","Ducula spilorrhoa",6
"528","Dugong dugon",8
"529","Dumetella carolinensis",6
"530","Echinosorex gymnura",7
"531","Egretta caerulea",3
"532","Egretta garzetta",25
"533","Egretta thula",3
"534","Egretta tricolor",6
"535","Eidolon helvum",10
"536","Elanoides forficatus",4
"537","Elanus caeruleus",7
"538","Elanus leucurus",9
"539","Elephas maximus",9
"540","Eleutherodactylus coqui",8
"541","Eleutherodactylus gryllus",2
"542","Eleutherodactylus portoricensis",2
"543","Eleutherodactylus unicolor",2
"544","Elops machnata",4
"545","Emberiza cirlus",4
"546","Emberiza citrinella",5
"547","Emberiza hortulana",5
"548","Emberiza pusilla",4
"549","Emberiza schoeniclus",7
"550","Empidonax alnorum",4
"551","Empidonax difficilis",4
"552","Empidonax flaviventris",8
"553","Empidonax hammondii",4
"554","Empidonax minimus",7
"555","Empidonax oberholseri",4
"556","Empidonax traillii",6
"557","Empidonax virescens",6
"558","Empidonax wrightii",4
"559","Emydocephalus annulatus",7
"560","Emydoidea blandingii",9
"561","Enchelyopus cimbrius",4
"562","Engraulis encrasicolus",3
"563","Engraulis mordax",3
"564","Engraulis ringens",1
"565","Enhydra lutris",8
"566","Enneacanthus gloriosus",5
"567","Entelurus aequoreus",4
"568","Eolophus roseicapilla",9
"569","Eopsetta jordani",2
"570","Ephippiorhynchus senegalensis",7
"571","Epidalea calamita",16
"572","Epinephelus bruneus",2
"573","Epinephelus guttatus",6
"574","Epinephelus itajara",7
"575","Epinephelus marginatus",3
"576","Epinephelus morio",3
"577","Epinephelus multinotatus",1
"578","Epinephelus polyphekadion",5
"579","Epinephelus striatus",3
"580","Eptatretus stoutii",2
"581","Eptesicus serotinus",12
"582","Equus grevyi",2
"583","Equus hemionus",4
"584","Equus zebra",1
"585","Eremophila alpestris",9
"586","Eretmochelys imbricata",11
"587","Erimyzon sucetta",5
"588","Erithacus rubecula",12
"589","Eschrichtius robustus",1
"590","Esox lucius",8
"591","Esox masquinongy",8
"592","Etheostoma nigrum",2
"593","Eubalaena australis",2
"594","Eudocimus albus",3
"595","Eudorcas rufifrons",5
"596","Eudorcas thomsonii",2
"597","Eudromias morinellus",4
"598","Eudyptes chrysocome",4
"599","Eudyptes chrysolophus",10
"600","Eudyptes moseleyi",6
"601","Eudyptula minor",14
"602","Eumetopias jubatus",5
"603","Eunymphicus uvaeensis",1
"604","Euphagus carolinus",2
"605","Euphagus cyanocephalus",6
"606","Eurycea quadridigitata",4
"607","Euthynnus affinis",2
"608","Falcipennis canadensis",2
"609","Falco cenchroides",9
"610","Falco columbarius",8
"611","Falco mexicanus",5
"612","Falco naumanni",9
"613","Falco peregrinus",17
"614","Falco punctatus",5
"615","Falco rusticolus",6
"616","Falco sparverius",11
"617","Falco subbuteo",9
"618","Falco tinnunculus",11
"619","Farancia abacura",10
"620","Farancia erytrogramma",10
"621","Felis silvestris",12
"622","Ficedula albicollis",6
"623","Ficedula hypoleuca",8
"624","Ficedula parva",5
"625","Fratercula arctica",5
"626","Fratercula cirrhata",13
"627","Fregata magnificens",10
"628","Fregata minor",11
"629","Fringilla coelebs",9
"630","Fringilla montifringilla",6
"631","Fulica alai",7
"632","Fulica americana",4
"633","Fulica atra",24
"634","Fulica cristata",10
"635","Fulmarus glacialis",10
"636","Fulmarus glacialoides",10
"637","Furgaleus macki",3
"638","Galeocerdo cuvier",3
"639","Galeorhinus galeus",2
"640","Galerida cristata",12
"641","Galeus melastomus",2
"642","Gallinago delicata",11
"643","Gallinago gallinago",11
"644","Gallinago hardwickii",6
"645","Gallinago media",7
"646","Gallinula chloropus",15
"647","Gallinula galeata",15
"648","Gallus gallus",4
"649","Gambelia sila",2
"650","Garrulus glandarius",5
"651","Gasterosteus aculeatus",11
"652","Gastrophryne carolinensis",12
"653","Gastrophryne elegans",6
"654","Gavia adamsii",12
"655","Gavia arctica",9
"656","Gavia immer",10
"657","Gavia pacifica",9
"658","Gavia stellata",12
"659","Gazella dorcas",3
"660","Gazella gazella",3
"661","Gelochelidon nilotica",11
"662","Gempylus serpens",3
"663","Genetta genetta",12
"664","Geococcyx californianus",4
"665","Geospiza conirostris",1
"666","Geothlypis trichas",4
"667","Geronticus eremita",8
"668","Gerygone fusca",3
"669","Gilchristella aestuaria",4
"670","Gillichthys mirabilis",5
"671","Giraffa camelopardalis",4
"672","Glareola pratincola",9
"673","Glaucidium californicum",1
"674","Glaucomys sabrinus",2
"675","Globicephala melas",3
"676","Glossogobius callidus",2
"677","Glossopsitta concinna",4
"678","Glyptemys insculpta",7
"679","Gomphosus varius",6
"680","Gorilla beringei",3
"681","Graptemys geographica",2
"682","Grus americana",4
"683","Grus grus",10
"684","Grus japonensis",8
"685","Grus monacha",4
"686","Gulo gulo",7
"687","Gygis alba",14
"688","Gymnocrotaphus curvidens",3
"689","Gymnogyps californianus",3
"690","Gymnorhinus cyanocephalus",4
"691","Gymnura micrura",4
"692","Gypaetus barbatus",5
"693","Gyps bengalensis",6
"694","Gyps fulvus",3
"695","Gyps himalayensis",2
"696","Gyps indicus",5
"697","Gyrinophilus porphyriticus",7
"698","Haematopus ater",4
"699","Haematopus longirostris",5
"700","Haematopus ostralegus",11
"701","Haematopus palliatus",5
"702","Haemulon aurolineatum",8
"703","Haemulon sciurus",6
"704","Haliaeetus albicilla",21
"705","Haliaeetus leucocephalus",13
"706","Haliaeetus pelagicus",10
"707","Haliaeetus vocifer",15
"708","Halichoerus grypus",9
"709","Haploblepharus edwardsii",3
"710","Haploblepharus pictus",2
"711","Helarctos malayanus",9
"712","Helicolenus dactylopterus",3
"713","Helmitheros vermivorum",2
"714","Helogale parvula",2
"715","Hemigalus derbyanus",5
"716","Hemigymnus fasciatus",2
"717","Hemigymnus melapterus",3
"718","Heterobranchus longifilis",8
"719","Heterodon nasicus",5
"720","Hexanchus griseus",1
"721","Hieraaetus pennatus",6
"722","Hierophis viridiflavus",8
"723","Himantopus himantopus",14
"724","Himantopus novaezelandiae",3
"725","Himatione sanguinea",2
"726","Hiodon alosoides",4
"727","Hippolais icterina",5
"728","Hippolais polyglotta",9
"729","Hippopotamus amphibius",21
"730","Hippotragus equinus",4
"731","Hippotragus niger",4
"732","Hirundo rustica",14
"733","Histrionicus histrionicus",9
"734","Holacanthus ciliaris",5
"735","Holocentrus rufus",1
"736","Huso huso",3
"737","Hyaena hyaena",9
"738","Hydrobates furcatus",11
"739","Hydrocynus vittatus",8
"740","Hydrolagus colliei",2
"741","Hydroprogne caspia",15
"742","Hyla arborea",19
"743","Hylatomus pileatus",6
"744","Hylocichla mustelina",3
"745","Hyperoodon ampullatus",3
"746","Hypogaleus hyugaensis",2
"747","Hypogeomys antimena",1
"748","Hypopachus variolosus",14
"749","Hyporthodus flavolimbatus",3
"750","Hypotaenidia owstoni",5
"751","Hypotaenidia sylvestris",1
"752","Ictalurus punctatus",5
"753","Icteria virens",6
"754","Icterus cucullatus",2
"755","Icterus galbula",5
"756","Icterus parisorum",3
"757","Icterus spurius",4
"758","Ictinia mississippiensis",4
"759","Iguana delicatissima",7
"760","Incilius valliceps",10
"761","Istiompax indica",2
"762","Isurus oxyrinchus",2
"763","Ixobrychus exilis",7
"764","Ixobrychus minutus",9
"765","Ixobrychus sinensis",6
"766","Junco hyemalis",4
"767","Jynx torquilla",15
"768","Kajikia albida",2
"769","Kajikia audax",2
"770","Katsuwonus pelamis",2
"771","Kobus ellipsiprymnus",4
"772","Kobus kob",5
"773","Kobus leche",4
"774","Labeo altivelis",6
"775","Lacerta agilis",9
"776","Lacerta bilineata",5
"777","Lagenorhynchus acutus",2
"778","Lagopus lagopus",5
"779","Lagopus leucura",2
"780","Lagopus muta",1
"781","Lamna nasus",2
"782","Lampropeltis getula",16
"783","Lanius collurio",13
"784","Lanius ludovicianus",9
"785","Lanius minor",9
"786","Lanius senator",9
"787","Lariscus insignis",1
"788","Larus argentatus",22
"789","Larus atricilla",9
"790","Larus audouinii",15
"791","Larus cachinnans",17
"792","Larus californicus",18
"793","Larus canus",18
"794","Larus delawarensis",13
"795","Larus dominicanus",13
"796","Larus fuscus",26
"797","Larus genei",21
"798","Larus glaucescens",15
"799","Larus hyperboreus",12
"800","Larus ichthyaetus",21
"801","Larus maculipennis",11
"802","Larus marinus",14
"803","Larus melanocephalus",16
"804","Larus novaehollandiae",13
"805","Larus occidentalis",12
"806","Larus pacificus",12
"807","Larus philadelphia",11
"808","Larus pipixcan",20
"809","Larus ridibundus",23
"810","Larus smithsonianus",16
"811","Larus thayeri",11
"812","Lasionycteris noctivagans",3
"813","Lasiorhinus krefftii",1
"814","Lasiurus borealis",1
"815","Lasiurus cinereus",2
"816","Lates stappersii",1
"817","Lathamus discolor",4
"818","Leiopelma archeyi",1
"819","Leiopelma pakeka",1
"820","Leiopicus medius",3
"821","Leiothrix lutea",7
"822","Leipoa ocellata",5
"823","Lemmus lemmus",5
"824","Lemmus portenkoi",1
"825","Lemmus trimucronatus",1
"826","Lemur catta",2
"827","Lepidochelys olivacea",3
"828","Lepidocybium flavobrunneum",4
"829","Lepisosteus osseus",6
"830","Lepisosteus platyrhincus",2
"831","Lepomis gibbosus",6
"832","Lepomis gulosus",4
"833","Lepomis macrochirus",6
"834","Lepomis microlophus",6
"835","Lepomis punctatus",4
"836","Leporinus obtusidens",1
"837","Leptonychotes weddellii",5
"838","Leptonycteris curasoae",3
"839","Leptoptilos crumenifer",4
"840","Lepus americanus",7
"841","Lepus arcticus",4
"842","Lepus timidus",7
"843","Lepus townsendii",4
"844","Lethrinus nebulosus",5
"845","Leucogeranus leucogeranus",6
"846","Leuconotopicus albolarvatus",2
"847","Leuconotopicus borealis",3
"848","Leuconotopicus villosus",1
"849","Leucoraja erinacea",3
"850","Leucoraja naevus",4
"851","Leucoraja ocellata",2
"852","Lialis burtonis",7
"853","Liasis fuscus",5
"854","Lichenostomus melanops",7
"855","Lichia amia",5
"856","Limnodromus griseus",5
"857","Limnothlypis swainsonii",3
"858","Limosa fedoa",5
"859","Limosa haemastica",6
"860","Limosa lapponica",12
"861","Limosa limosa",10
"862","Liopsetta glacialis",5
"863","Lissotriton vulgaris",23
"864","Lithobates berlandieri",21
"865","Lithobates catesbeianus",11
"866","Lithobates clamitans",8
"867","Lithobates palustris",10
"868","Lithobates pipiens",19
"869","Lithobates septentrionalis",5
"870","Lithobates sphenocephalus",13
"871","Lithobates sylvaticus",5
"872","Lithobates yavapaiensis",5
"873","Lithognathus lithognathus",3
"874","Lithognathus mormyrus",5
"875","Litoria rothii",12
"876","Liza dumerili",4
"877","Locustella luscinioides",7
"878","Locustella naevia",8
"879","Lonchura atricapilla",6
"880","Lontra canadensis",24
"881","Lophius budegassa",1
"882","Lophius piscatorius",5
"883","Lophodytes cucullatus",8
"884","Lophura diardi",2
"885","Lophura nycthemera",3
"886","Lota lota",3
"887","Loxia curvirostra",2
"888","Loxia leucoptera",2
"889","Loxioides bailleui",1
"890","Loxodonta Africana",31
"891","Loxops coccineus",1
"892","Lucania goodei",6
"893","Lucasium stenodactylum",3
"894","Lullula arborea",7
"895","Luscinia luscinia",10
"896","Luscinia megarhynchos",10
"897","Lutjanus analis",2
"898","Lutjanus argentimaculatus",3
"899","Lutjanus bohar",6
"900","Lutjanus campechanus",3
"901","Lutjanus cyanopterus",2
"902","Lutjanus synagris",1
"903","Lutra lutra",32
"904","Lycaon pictus",8
"905","Lymnocryptes minimus",5
"906","Lynx canadensis",5
"907","Lynx lynx",11
"908","Lynx pardinus",1
"909","Lynx rufus",10
"910","Lyopsetta exilis",1
"911","Lyrurus tetrix",6
"912","Macaca nemestrina",8
"913","Macaca sylvanus",6
"914","Macrhybopsis storeriana",2
"915","Macronectes giganteus",12
"916","Macronectes halli",11
"917","Macropus fuliginosus",9
"918","Macropus rufus",5
"919","Makaira nigricans",2
"920","Malacoraja senta",2
"921","Malpolon monspessulanus",10
"922","Malurus cyaneus",4
"923","Malurus lamberti",2
"924","Malurus splendens",5
"925","Manis javanica",9
"926","Manorina melanocephala",10
"927","Marcusenius macrolepidotus",12
"928","Mareca americana",12
"929","Mareca penelope",12
"930","Mareca strepera",2
"931","Margariscus margarita",2
"932","Marmaronetta angustirostris",9
"933","Marmota broweri",2
"934","Marmota flaviventris",4
"935","Marmota marmota",3
"936","Marmota vancouverensis",3
"937","Martes americana",2
"938","Martes flavigula",11
"939","Martes foina",6
"940","Martes martes",5
"941","Martes pennanti",2
"942","Maxomys rajah",1
"943","Maxomys whiteheadi",4
"944","Megaceryle alcyon",6
"945","Megaceryle torquata",16
"946","Megadyptes antipodes",7
"947","Megaptera novaeangliae",2
"948","Megascops asio",6
"949","Megascops kennicottii",11
"950","Melanerpes aurifrons",9
"951","Melanerpes carolinus",8
"952","Melanerpes erythrocephalus",10
"953","Melanerpes formicivorus",6
"954","Melanerpes lewis",4
"955","Melanerpes uropygialis",7
"956","Melanitta americana",9
"957","Melanitta deglandi",9
"958","Melanitta nigra",9
"959","Melanitta perspicillata",8
"960","Melanodryas cucullata",4
"961","Meleagris gallopavo",9
"962","Meles meles",10
"963","Melithreptus lunatus",7
"964","Melospiza georgiana",4
"965","Melospiza lincolnii",6
"966","Melospiza melodia",10
"967","Melozone aberti",5
"968","Melozone crissalis",5
"969","Menidia menidia",11
"970","Mephitis mephitis",8
"971","Mergellus albellus",6
"972","Mergus merganser",12
"973","Mergus serrator",10
"974","Merlangius merlangus",4
"975","Merluccius albidus",3
"976","Merluccius bilinearis",4
"977","Merluccius capensis",4
"978","Merluccius gayi",3
"979","Merluccius merluccius",8
"980","Merluccius productus",4
"981","Merops apiaster",12
"982","Mesoplodon bidens",3
"983","Microcarbo melanoleucos",18
"984","Microcarbo pygmaeus",8
"985","Micropogonias furnieri",4
"986","Micropogonias undulatus",4
"987","Micropterus dolomieu",2
"988","Micropterus salmoides",6
"989","Microtus agrestis",13
"990","Microtus arvalis",5
"991","Microtus californicus",3
"992","Microtus montanus",6
"993","Microtus oeconomus",6
"994","Microtus pennsylvanicus",9
"995","Milvus migrans",20
"996","Milvus milvus",6
"997","Mimus polyglottos",7
"998","Misgurnus anguillicaudatus",6
"999","Mixophyes fleayi",3
"1000","Mniotilta varia",8
"1001","Molothrus aeneus",5
"1002","Molothrus ater",6
"1003","Monachus monachus",6
"1004","Monodactylus falciformis",2
"1005","Morelia spilota",19
"1006","Mormyrops anguilloides",7
"1007","Mormyrus longirostris",6
"1008","Morone americana",3
"1009","Morone chrysops",3
"1010","Morone saxatilis",5
"1011","Morus bassanus",10
"1012","Morus capensis",3
"1013","Motacilla alba",9
"1014","Motacilla cinerea",6
"1015","Motacilla flava",9
"1016","Moxostoma anisurum",3
"1017","Moxostoma macrolepidotum",3
"1018","Moxostoma robustum",1
"1019","Moxostoma valenciennesi",1
"1020","Mugil cephalus",4
"1021","Mullus barbatus",1
"1022","Mullus surmuletus",1
"1023","Mungos mungo",5
"1024","Mus musculus",19
"1025","Muscicapa striata",9
"1026","Mustela erminea",14
"1027","Mustela frenata",9
"1028","Mustela nivalis",13
"1029","Mustelus mustelus",5
"1030","Myadestes obscurus",4
"1031","Myadestes townsendi",3
"1032","Mycteria americana",6
"1033","Myiarchus cinerascens",6
"1034","Myiarchus crinitus",6
"1035","Myiarchus tyrannulus",8
"1036","Myiopsitta monachus",8
"1037","Myliobatis aquila",2
"1038","Myocastor coypus",4
"1039","Myodes gapperi",3
"1040","Myodes glareolus",6
"1041","Myodes rufocanus",8
"1042","Myodes rutilus",4
"1043","Myotis daubentonii",20
"1044","Myotis lucifugus",3
"1045","Myotis nattereri",15
"1046","Myotis septentrionalis",3
"1047","Myotis sodalis",2
"1048","Myxine glutinosa",2
"1049","Myxus capensis",6
"1050","Myzomela rubratra",6
"1051","Myzomela sanguinolenta",9
"1052","Nanger granti",5
"1053","Napaeozapus insignis",3
"1054","Naso lituratus",6
"1055","Naso vlamingii",2
"1056","Natrix tessellata",18
"1057","Nectomys squamipes",2
"1058","Nemipterus virgatus",4
"1059","Neochmia temporalis",3
"1060","Neofelis nebulosa",8
"1061","Neogobius melanostomus",4
"1062","Neomys fodiens",10
"1063","Neoodax balteatus",3
"1064","Neophema chrysogaster",6
"1065","Neophron percnopterus",8
"1066","Neotoma albigula",4
"1067","Neotoma magister",3
"1068","Neovison vison",6
"1069","Nerodia fasciata",13
"1070","Nerodia floridana",17
"1071","Netta rufina",3
"1072","Notacanthus chemnitzii",2
"1073","Notechis scutatus",3
"1074","Notemigonus crysoleucas",3
"1075","Notolabrus fucicola",4
"1076","Notolabrus tetricus",4
"1077","Notophthalmus viridescens",8
"1078","Notropis atherinoides",3
"1079","Notropis dorsalis",1
"1080","Notropis hudsonius",1
"1081","Nucifraga caryocatactes",4
"1082","Nucifraga columbiana",4
"1083","Numenius americanus",4
"1084","Numenius arquata",16
"1085","Numenius madagascariensis",6
"1086","Numenius phaeopus",21
"1087","Numenius tenuirostris",7
"1088","Nyctalus noctula",4
"1089","Nyctanassa violacea",4
"1090","Nycticorax nycticorax",6
"1091","Oblada melanura",6
"1092","Ochotona collaris",1
"1093","Octodon degus",1
"1094","Odobenus rosmarus",10
"1095","Odocoileus hemionus",44
"1096","Odocoileus virginianus",46
"1097","Oenanthe oenanthe",11
"1098","Oligoryzomys longicaudatus",6
"1099","Oligosoma suteri",2
"1100","Olisthops cyanomelas",2
"1101","Oncorhynchus nerka",8
"1102","Onychomys leucogaster",4
"1103","Onychomys torridus",2
"1104","Onychoprion fuscatus",14
"1105","Onychoprion lunatus",13
"1106","Onychostoma barbatulum",1
"1107","Oporornis agilis",3
"1108","Orcinus orca",4
"1109","Oreochromis mortimeri",7
"1110","Oreochromis mossambicus",22
"1111","Oreoica gutturalis",2
"1112","Oreortyx pictus",3
"1113","Oreoscoptes montanus",2
"1114","Oriolus oriolus",7
"1115","Oryctolagus cuniculus",10
"1116","Oryx leucoryx",1
"1117","Osmerus mordax",4
"1118","Otis tarda",3
"1119","Ovibos moschatus",1
"1120","Ovis canadensis",2
"1121","Ovis dalli",3
"1122","Oxyura jamaicensis",6
"1123","Oxyura leucocephala",7
"1124","Pachycephala rufiventris",9
"1125","Pachymetopon aeneum",2
"1126","Pachymetopon blochii",3
"1127","Pachymetopon grande",1
"1128","Pagodroma nivea",10
"1129","Pagophila eburnea",8
"1130","Pagophilus groenlandicus",5
"1131","Pagrus auratus",5
"1132","Pagrus pagrus",4
"1133","Paguma larvata",13
"1134","Pan paniscus",2
"1135","Pan troglodytes",5
"1136","Pandion haliaetus",15
"1137","Panthera leo",7
"1138","Panthera pardus",20
"1139","Panthera tigris",10
"1140","Pantherophis obsoletus",6
"1141","Panurus biarmicus",4
"1142","Parabuteo unicinctus",4
"1143","Paralichthys dentatus",5
"1144","Pardirallus nigricans",1
"1145","Pardofelis marmorata",3
"1146","Parkesia motacilla",3
"1147","Parkesia noveboracensis",9
"1148","Parus major",14
"1149","Passer domesticus",18
"1150","Passer montanus",6
"1151","Passerculus sandwichensis",13
"1152","Passerella iliaca",4
"1153","Passerina amoena",3
"1154","Passerina caerulea",4
"1155","Passerina ciris",4
"1156","Passerina cyanea",4
"1157","Patagioenas fasciata",5
"1158","Patagioenas leucocephala",3
"1159","Pelecanus conspicillatus",9
"1160","Pelecanus crispus",5
"1161","Pelecanus erythrorhynchos",5
"1162","Pelecanus occidentalis",14
"1163","Pelecanus rufescens",27
"1164","Perca flavescens",4
"1165","Perca fluviatilis",5
"1166","Percina caprodes",3
"1167","Percopsis omiscomaycus",2
"1168","Perdix perdix",3
"1169","Perisoreus canadensis",2
"1170","Pernis apivorus",4
"1171","Perognathus flavus",3
"1172","Peromyscus eremicus",2
"1173","Peromyscus maniculatus",13
"1174","Petrochelidon fulva",6
"1175","Petrochelidon pyrrhonota",9
"1176","Petroica australis",3
"1177","Petroica phoenicea",8
"1178","Petromyzon marinus",4
"1179","Petrus rupestris",1
"1180","Peucaea aestivalis",3
"1181","Peucaea cassinii",2
"1182","Pezoporus wallicus",3
"1183","Phacochoerus aethiopicus",2
"1184","Phacochoerus africanus",8
"1185","Phaethon aethereus",10
"1186","Phaethon rubricauda",10
"1187","Phainopepla nitens",4
"1188","Phalacrocorax aristotelis",10
"1189","Phalacrocorax auritus",8
"1190","Phalacrocorax brasilianus",9
"1191","Phalacrocorax capensis",4
"1192","Phalacrocorax carbo",13
"1193","Phalacrocorax pelagicus",9
"1194","Phalacrocorax penicillatus",9
"1195","Phalacrocorax urile",9
"1196","Phalaenoptilus nuttallii",6
"1197","Phalaropus fulicarius",13
"1198","Phalaropus lobatus",16
"1199","Phascolarctos cinereus",3
"1200","Phasianus colchicus",3
"1201","Pheucticus ludovicianus",8
"1202","Pheucticus melanocephalus",4
"1203","Philander frenatus",1
"1204","Philesturnus carunculatus",2
"1205","Philoria frosti",4
"1206","Phoca vitulina",13
"1207","Phocarctos hookeri",9
"1208","Phocoena phocoena",2
"1209","Phocoenoides dalli",2
"1210","Phoebastria immutabilis",14
"1211","Phoebetria fusca",3
"1212","Phoebetria palpebrata",10
"1213","Phoeniconaias minor",9
"1214","Phoenicopterus roseus",2
"1215","Phoenicopterus ruber",1
"1216","Phoenicurus ochruros",6
"1217","Phoenicurus phoenicurus",12
"1218","Phrynorhombus norvegicus",7
"1219","Phrynosoma mcallii",3
"1220","Phylidonyris novaehollandiae",10
"1221","Phylloscopus bonelli",7
"1222","Phylloscopus collybita",12
"1223","Phylloscopus ibericus",2
"1224","Phylloscopus sibilatrix",6
"1225","Phylloscopus trochiloides",10
"1226","Phylloscopus trochilus",12
"1227","Phyllotis darwini",2
"1228","Pica pica",12
"1229","Picoides arcticus",2
"1230","Picoides tridactylus",2
"1231","Pictilabrus laticlavius",3
"1232","Picus viridis",9
"1233","Pimephales promelas",7
"1234","Pinicola enucleator",5
"1235","Pipilo chlorurus",5
"1236","Pipilo erythrophthalmus",6
"1237","Pipilo maculatus",6
"1238","Pipistrellus pipistrellus",7
"1239","Pipistrellus pygmaeus",3
"1240","Piranga flava",6
"1241","Piranga ludoviciana",5
"1242","Piranga olivacea",7
"1243","Piranga rubra",6
"1244","Pituophis catenifer",17
"1245","Platalea ajaja",2
"1246","Platalea leucorodia",6
"1247","Platalea minor",2
"1248","Platanista gangetica",4
"1249","Platichthys flesus",4
"1250","Platichthys stellatus",4
"1251","Platycephalus indicus",3
"1252","Platygobio gracilis",1
"1253","Plecotus auritus",8
"1254","Plectrophenax nivalis",3
"1255","Plectropomus leopardus",1
"1256","Plegadis chihi",1
"1257","Plegadis falcinellus",5
"1258","Plestiodon fasciatus",3
"1259","Plethodon cinereus",4
"1260","Plethodon glutinosus",2
"1261","Plethodon jordani",1
"1262","Pleuronectes platessa",5
"1263","Plicofollis dussumieri",3
"1264","Pluvialis apricaria",7
"1265","Pluvialis dominica",6
"1266","Pluvialis fulva",11
"1267","Pluvialis squatarola",8
"1268","Podarcis filfolensis",5
"1269","Podarcis muralis",10
"1270","Podiceps auritus",4
"1271","Podiceps cristatus",11
"1272","Podiceps grisegena",9
"1273","Podiceps nigricollis",15
"1274","Podilymbus podiceps",2
"1275","Poliocephalus poliocephalus",6
"1276","Polioptila caerulea",9
"1277","Polioptila melanura",2
"1278","Pollachius pollachius",1
"1279","Polysteganus praeorbitalis",2
"1280","Polysticta stelleri",12
"1281","Polytelis swainsonii",1
"1282","Pomacanthus arcuatus",5
"1283","Pomacanthus paru",5
"1284","Pomarea dimidiata",1
"1285","Pomatomus saltatrix",2
"1286","Pomatostomus temporalis",6
"1287","Pomoxis annularis",3
"1288","Pomoxis nigromaculatus",3
"1289","Pooecetes gramineus",4
"1290","Poroderma pantherinum",8
"1291","Porphyrio porphyrio",7
"1292","Porzana carolina",1
"1293","Porzana porzana",12
"1294","Potamochoerus larvatus",6
"1295","Priacanthus macracanthus",1
"1296","Prionace glauca",3
"1297","Prionailurus bengalensis",14
"1298","Prionodon linsang",6
"1299","Pristis pectinata",2
"1300","Probarbus jullieni",2
"1301","Probarbus labeamajor",2
"1302","Procapra gutturosa",2
"1303","Procyon lotor",10
"1304","Progne subis",10
"1305","Protonotaria citrea",4
"1306","Prunella modularis",9
"1307","Psaltriparus minimus",9
"1308","Psenopsis anomala",2
"1309","Psephurus gladius",3
"1310","Pseudacris crucifer",8
"1311","Pseudacris maculata",12
"1312","Pseudacris nigrita",10
"1313","Pseudacris ornata",9
"1314","Pseudacris regilla",14
"1315","Pseudacris triseriata",9
"1316","Pseudechis australis",12
"1317","Pseudemys nelsoni",9
"1318","Pseudemys peninsularis",9
"1319","Pseudonaja nuchalis",6
"1320","Pseudophryne corroboree",5
"1321","Pseudophryne pengilleyi",4
"1322","Psittacula eques",3
"1323","Pterocles namaqua",3
"1324","Pterodroma cahow",3
"1325","Pterodroma leucoptera",3
"1326","Pteropus poliocephalus",7
"1327","Pteropus rodricensis",3
"1328","Pteropus samoensis",3
"1329","Pteropus tonganus",4
"1330","Ptilinopus roseicapilla",4
"1331","Ptychoramphus aleuticus",10
"1332","Puffinus mauretanicus",10
"1333","Puma concolor",18
"1334","Pungitius pungitius",4
"1335","Pusa hispida",5
"1336","Pycnonotus barbatus",13
"1337","Pygoscelis adeliae",11
"1338","Pygoscelis antarcticus",10
"1339","Pygoscelis papua",10
"1340","Pyrocephalus rubinus",7
"1341","Pyrrhula pyrrhula",6
"1342","Python regius",7
"1343","Pyxicephalus adspersus",8
"1344","Quiscalus major",3
"1345","Quiscalus mexicanus",11
"1346","Quiscalus quiscula",7
"1347","Raja asterias",4
"1348","Raja brachyura",1
"1349","Raja clavata",3
"1350","Raja microocellata",2
"1351","Raja montagui",4
"1352","Raja rhina",2
"1353","Rallus aquaticus",12
"1354","Rallus elegans",1
"1355","Rallus limicola",1
"1356","Rallus longirostris",3
"1357","Rana dalmatina",7
"1358","Rana temporaria",31
"1359","Rangifer tarandus",2
"1360","Raphicerus campestris",5
"1361","Rastrineobola argentea",2
"1362","Recurvirostra americana",2
"1363","Recurvirostra avosetta",7
"1364","Recurvirostra novaehollandiae",7
"1365","Redunca arundinum",4
"1366","Redunca fulvorufula",3
"1367","Redunca redunca",5
"1368","Regulus calendula",2
"1369","Regulus ignicapilla",3
"1370","Regulus regulus",3
"1371","Regulus satrapa",2
"1372","Reithrodontomys megalotis",6
"1373","Remiz pendulinus",9
"1374","Rhabdosargus holubi",5
"1375","Rhabdosargus sarba",6
"1376","Rhincodon typus",4
"1377","Rhinoceros sondaicus",3
"1378","Rhinoceros unicornis",6
"1379","Rhinolophus ferrumequinum",7
"1380","Rhinolophus hipposideros",9
"1381","Rhipidura fuliginosa",11
"1382","Rhipidura rufifrons",6
"1383","Rhizoprionodon terraenovae",5
"1384","Rhynchoedura ornata",3
"1385","Rhynchophanes mccownii",2
"1386","Riparia riparia",12
"1387","Rissa brevirostris",3
"1388","Rissa tridactyla",13
"1389","Rucervus eldii",6
"1390","Rupicapra pyrenaica",4
"1391","Rupicapra rupicapra",5
"1392","Rusa unicolor",13
"1393","Rutilus rutilus",2
"1394","Rynchops niger",14
"1395","Saguinus fuscicollis",3
"1396","Saiga tatarica",2
"1397","Salamandra salamandra",11
"1398","Salmo salar",5
"1399","Salmo trutta",4
"1400","Salpinctes obsoletus",3
"1401","Salvelinus alpinus",4
"1402","Sander lucioperca",5
"1403","Sander vitreus",3
"1404","Sarcogyps calvus",5
"1405","Sarcophilus harrisii",7
"1406","Sardina pilchardus",2
"1407","Sargochromis codringtonii",5
"1408","Sarpa salpa",5
"1409","Saundersilarus saundersi",2
"1410","Sauromalus ater",4
"1411","Saxicola rubetra",9
"1412","Saxicola torquatus",19
"1413","Sayornis nigricans",6
"1414","Sayornis phoebe",4
"1415","Sayornis saya",5
"1416","Scaphiopus holbrookii",4
"1417","Scarus chameleon",4
"1418","Scarus globiceps",3
"1419","Scarus iseri",2
"1420","Scarus psittacus",4
"1421","Schilbe intermedius",8
"1422","Schilbe mystus",8
"1423","Sciaena umbra",8
"1424","Scinax staufferi",11
"1425","Sciurus vulgaris",3
"1426","Scolopax minor",2
"1427","Scolopax rusticola",4
"1428","Scomber japonicus",3
"1429","Scomber scombrus",2
"1430","Scomberomorus cavalla",2
"1431","Scomberomorus commerson",2
"1432","Scomberomorus niphonius",2
"1433","Scyliorhinus capensis",2
"1434","Scyliorhinus retifer",1
"1435","Sebastes mentella",1
"1436","Sechellophryne gardineri",3
"1437","Seiurus aurocapilla",4
"1438","Selasphorus calliope",9
"1439","Selasphorus platycercus",6
"1440","Selasphorus rufus",6
"1441","Selasphorus sasin",5
"1442","Serinus serinus",7
"1443","Seriphus politus",3
"1444","Setonix brachyurus",3
"1445","Setophaga ruticilla",10
"1446","Sialia currucoides",8
"1447","Sialia mexicana",4
"1448","Sialia sialis",6
"1449","Siren intermedia",6
"1450","Sitta canadensis",5
"1451","Sitta carolinensis",5
"1452","Sitta europaea",2
"1453","Sitta pusilla",2
"1454","Sitta pygmaea",2
"1455","Smilisca baudinii",16
"1456","Solea solea",4
"1457","Somateria fischeri",8
"1458","Somateria mollissima",12
"1459","Somateria spectabilis",7
"1460","Somniosus pacificus",5
"1461","Sooglossus sechellensis",2
"1462","Sorex araneus",7
"1463","Sorex caecutiens",8
"1464","Sorex cinereus",6
"1465","Sorex daphaenodon",3
"1466","Sorex isodon",3
"1467","Sorex minutissimus",4
"1468","Sorex minutus",8
"1469","Sorex monticolus",7
"1470","Sorex roboratus",2
"1471","Sorex tundrensis",6
"1472","Sorex vagrans",4
"1473","Sotalia fluviatilis",1
"1474","Sousa chinensis",3
"1475","Sparodon durbanensis",4
"1476","Spatula clypeata",9
"1477","Spatula cyanoptera",2
"1478","Spatula discors",8
"1479","Spatula querquedula",10
"1480","Spheniscus demersus",6
"1481","Spheniscus humboldti",12
"1482","Spheniscus magellanicus",7
"1483","Spheniscus mendiculus",7
"1484","Sphyrapicus nuchalis",5
"1485","Sphyrapicus ruber",5
"1486","Sphyrapicus thyroideus",3
"1487","Sphyrapicus varius",8
"1488","Sphyrna lewini",3
"1489","Sphyrna mokarran",3
"1490","Sphyrna zygaena",1
"1491","Spirinchus thaleichthys",4
"1492","Spiza americana",4
"1493","Spizella atrogularis",1
"1494","Spizella breweri",2
"1495","Spizella pallida",5
"1496","Spizella passerina",8
"1497","Spizella pusilla",4
"1498","Spondyliosoma emarginatum",1
"1499","Squalus acanthias",6
"1500","Squalus suckleyi",6
"1501","Steganopus tricolor",4
"1502","Stegastes planifrons",6
"1503","Stelgidopteryx serripennis",6
"1504","Stenella attenuata",2
"1505","Stenella coeruleoalba",3
"1506","Stenella longirostris",2
"1507","Stenodus leucichthys",2
"1508","Stenotomus chrysops",4
"1509","Stercorarius longicaudus",10
"1510","Stercorarius parasiticus",11
"1511","Stereolepis gigas",1
"1512","Sterna dougallii",19
"1513","Sterna forsteri",8
"1514","Sterna hirundinacea",11
"1515","Sterna hirundo",14
"1516","Sterna paradisaea",14
"1517","Sterna trudeaui",12
"1518","Sternotherus minor",5
"1519","Sternotherus odoratus",4
"1520","Sternula albifrons",14
"1521","Sternula antillarum",8
"1522","Sternula superciliaris",3
"1523","Stipiturus mallee",1
"1524","Stolothrissa tanganicae",1
"1525","Storeria dekayi",15
"1526","Strepera graculina",10
"1527","Streptopelia bitorquata",4
"1528","Streptopelia decaocto",9
"1529","Streptopelia turtur",7
"1530","Strix aluco",11
"1531","Strix nebulosa",5
"1532","Strix occidentalis",3
"1533","Strix uralensis",5
"1534","Strix varia",10
"1535","Struthio camelus",4
"1536","Sturnella magna",6
"1537","Sturnella neglecta",5
"1538","Sturnus unicolor",5
"1539","Sturnus vulgaris",10
"1540","Sula dactylatra",11
"1541","Sula sula",9
"1542","Surnia ulula",6
"1543","Sus scrofa",28
"1544","Sylvia atricapilla",12
"1545","Sylvia borin",10
"1546","Sylvia cantillans",4
"1547","Sylvia communis",8
"1548","Sylvia conspicillata",3
"1549","Sylvia curruca",10
"1550","Sylvia hortensis",6
"1551","Sylvia melanocephala",4
"1552","Sylvia undata",5
"1553","Sylvicapra grimmia",15
"1554","Syncerus caffer",10
"1555","Syngnathus rostellatus",4
"1556","Syngnathus watermeyeri",1
"1557","Synodontis zambezensis",1
"1558","Syrigma sibilatrix",5
"1559","Tachybaptus ruficollis",7
"1560","Tachycineta bicolor",4
"1561","Tachycineta thalassina",8
"1562","Tadorna ferruginea",7
"1563","Tadorna tadorna",3
"1564","Tadorna tadornoides",5
"1565","Taeniopygia bichenovii",8
"1566","Tamias striatus",5
"1567","Tamiasciurus hudsonicus",2
"1568","Tantilla nigriceps",6
"1569","Tapirus indicus",7
"1570","Tautogolabrus adspersus",4
"1571","Taxidea taxus",4
"1572","Telespiza cantans",2
"1573","Terapon jarbua",5
"1574","Terrapene carolina",9
"1575","Terrapene ornata",3
"1576","Testudo hermanni",4
"1577","Tetrao urogallus",2
"1578","Tetrapturus angustirostris",2
"1579","Thalassarche bulleri",13
"1580","Thalassarche carteri",4
"1581","Thalassarche chlororhynchos",4
"1582","Thalassarche chrysostoma",4
"1583","Thalassarche melanophris",12
"1584","Thalasseus bergii",18
"1585","Thalasseus maximus",11
"1586","Thalasseus sandvicensis",20
"1587","Thalassoma bifasciatum",5
"1588","Thalassoma duperrey",7
"1589","Thalassoma pavo",4
"1590","Thaleichthys pacificus",3
"1591","Thamnophis elegans",18
"1592","Thamnophis marcianus",27
"1593","Thamnophis sirtalis",21
"1594","Thinornis cucullatus",3
"1595","Threskiornis moluccus",10
"1596","Thryomanes bewickii",7
"1597","Thryothorus ludovicianus",5
"1598","Thunnus alalunga",3
"1599","Thunnus albacares",3
"1600","Thunnus maccoyii",3
"1601","Thunnus obesus",4
"1602","Thunnus thynnus",3
"1603","Thunnus tonggol",2
"1604","Thylamys elegans",4
"1605","Thymallus arcticus",2
"1606","Tilapia mariae",3
"1607","Tlalocohyla loquax",7
"1608","Tlalocohyla picta",10
"1609","Todiramphus cinnamominus",4
"1610","Torpedo marmorata",10
"1611","Toxostoma bendirei",3
"1612","Toxostoma crissale",3
"1613","Toxostoma curvirostre",4
"1614","Toxostoma lecontei",1
"1615","Toxostoma longirostre",3
"1616","Toxostoma redivivum",2
"1617","Toxostoma rufum",2
"1618","Trachurus murphyi",1
"1619","Trachurus trachurus",3
"1620","Tragelaphus angasii",3
"1621","Tragelaphus buxtoni",3
"1622","Tragelaphus scriptus",14
"1623","Tragelaphus strepsiceros",4
"1624","Tragulus napu",4
"1625","Triakis megalopterus",2
"1626","Triakis semifasciata",6
"1627","Trichechus manatus",20
"1628","Trichosurus vulpecula",6
"1629","Triglopsis quadricornis",3
"1630","Tringa brevipes",7
"1631","Tringa erythropus",19
"1632","Tringa flavipes",9
"1633","Tringa glareola",11
"1634","Tringa melanoleuca",11
"1635","Tringa nebularia",23
"1636","Tringa ochropus",15
"1637","Tringa semipalmata",7
"1638","Tringa solitaria",6
"1639","Tringa totanus",8
"1640","Triprion petasatus",8
"1641","Trisopterus esmarkii",4
"1642","Triturus cristatus",15
"1643","Troglodytes aedon",11
"1644","Troglodytes troglodytes",7
"1645","Tropidonophis mairii",4
"1646","Turdus iliacus",11
"1647","Turdus merula",10
"1648","Turdus migratorius",11
"1649","Turdus philomelos",9
"1650","Turdus pilaris",8
"1651","Turdus viscivorus",10
"1652","Tursiops truncatus",5
"1653","Tympanuchus cupido",2
"1654","Tympanuchus phasianellus",3
"1655","Tyrannus couchii",8
"1656","Tyrannus forficatus",11
"1657","Tyrannus tyrannus",14
"1658","Tyrannus verticalis",8
"1659","Tyrannus vociferans",9
"1660","Tyto alba",25
"1661","Uma inornata",1
"1662","Upeneus moluccensis",1
"1663","Upupa epops",7
"1664","Uria aalge",10
"1665","Uria lomvia",10
"1666","Urobatis jamaicensis",4
"1667","Urocyon cinereoargenteus",9
"1668","Ursus americanus",20
"1669","ursus arctos",18
"1670","Ursus maritimus",11
"1671","Uta stansburiana",5
"1672","Valamugil robustus",2
"1673","Vanellus chilensis",3
"1674","Vanellus miles",6
"1675","Vanellus tricolor",4
"1676","Vanellus vanellus",5
"1677","Variola louti",1
"1678","Vermivora chrysoptera",7
"1679","Vermivora cyanoptera",2
"1680","Vicugna vicugna",4
"1681","Vipera aspis",8
"1682","Vipera ursinii",3
"1683","Vireo bellii",6
"1684","Vireo cassinii",5
"1685","Vireo flavifrons",4
"1686","Vireo gilvus",5
"1687","Vireo griseus",6
"1688","Vireo huttoni",3
"1689","Vireo olivaceus",6
"1690","Vireo philadelphicus",7
"1691","Vireo plumbeus",2
"1692","Vireo solitarius",5
"1693","Vireo vicinior",4
"1694","Vulpes lagopus",1
"1695","Vulpes vulpes",12
"1696","Xanthocephalus xanthocephalus",3
"1697","Xema sabini",11
"1698","Xiphias gladius",4
"1699","Xyrauchen texanus",3
"1700","Zalophus californianus",5
"1701","Zamenis longissimus",10
"1702","Zapornia parva",9
"1703","Zebrasoma flavescens",6
"1704","Zebrasoma scopas",5
"1705","Zenaida asiatica",7
"1706","Zenaida macroura",9
"1707","Zonotrichia albicollis",5
"1708","Zonotrichia atricapilla",6
"1709","Zonotrichia leucophrys",8
"1710","Zootoca vivipara",7
"1711","Zosterops japonicus",5
